open,high,low,close,volume,datetime
127.68,127.68,127.68,127.68,117,2024-03-28 08:12:00-04:00
128.25,128.68,128.25,128.68,800,2024-03-28 09:29:00-04:00
128.45,128.98,128.45,128.84,9204,2024-03-28 09:30:00-04:00
129.0,129.0,128.69,128.69,500,2024-03-28 09:31:00-04:00
128.5999,128.5999,128.5999,128.5999,250,2024-03-28 09:32:00-04:00
128.96,129.25,128.96,129.1575,475,2024-03-28 09:34:00-04:00
129.31,129.3438,129.305,129.3438,403,2024-03-28 09:35:00-04:00
129.37,129.5,129.37,129.5,400,2024-03-28 09:36:00-04:00
129.38,129.41,129.345,129.41,300,2024-03-28 09:37:00-04:00
129.27,129.27,129.25,129.25,202,2024-03-28 09:38:00-04:00
129.24,129.26,129.24,129.26,453,2024-03-28 09:39:00-04:00
129.27,129.32,129.255,129.32,559,2024-03-28 09:41:00-04:00
129.19,129.44,129.19,129.44,834,2024-03-28 09:42:00-04:00
129.26,129.26,129.215,129.215,225,2024-03-28 09:43:00-04:00
129.21,129.21,129.21,129.21,100,2024-03-28 09:44:00-04:00
129.19,129.31,129.145,129.31,997,2024-03-28 09:45:00-04:00
129.2,129.2,129.03,129.03,520,2024-03-28 09:46:00-04:00
129.16,129.16,129.16,129.16,101,2024-03-28 09:47:00-04:00
129.09,129.09,129.005,129.005,200,2024-03-28 09:48:00-04:00
128.97,128.97,128.97,128.97,100,2024-03-28 09:49:00-04:00
128.85,128.85,128.85,128.85,100,2024-03-28 09:50:00-04:00
128.78,129.04,128.695,129.04,2228,2024-03-28 09:51:00-04:00
128.795,128.795,128.78,128.78,200,2024-03-28 09:52:00-04:00
128.77,128.77,128.72,128.72,500,2024-03-28 09:53:00-04:00
128.58,128.67,128.58,128.66,800,2024-03-28 09:54:00-04:00
128.565,128.565,128.565,128.565,100,2024-03-28 09:55:00-04:00
128.61,128.65,128.61,128.63,609,2024-03-28 09:57:00-04:00
128.67,128.8,128.67,128.685,500,2024-03-28 10:00:00-04:00
128.72,128.765,128.72,128.765,300,2024-03-28 10:01:00-04:00
128.95,128.95,128.95,128.95,127,2024-03-28 10:02:00-04:00
128.91,129.0,128.91,129.0,300,2024-03-28 10:03:00-04:00
128.875,128.875,128.875,128.875,100,2024-03-28 10:04:00-04:00
128.91,129.115,128.91,129.115,417,2024-03-28 10:05:00-04:00
129.06,129.19,129.06,129.11,400,2024-03-28 10:06:00-04:00
129.19,129.19,129.19,129.19,236,2024-03-28 10:07:00-04:00
129.19,129.19,129.13,129.13,200,2024-03-28 10:08:00-04:00
129.17,129.17,129.11,129.11,687,2024-03-28 10:09:00-04:00
129.11,129.11,129.03,129.03,365,2024-03-28 10:10:00-04:00
129.105,129.265,129.105,129.265,200,2024-03-28 10:11:00-04:00
129.2314,129.3,129.23,129.3,650,2024-03-28 10:12:00-04:00
129.205,129.205,129.1515,129.1515,350,2024-03-28 10:13:00-04:00
129.1901,129.33,129.1901,129.33,730,2024-03-28 10:14:00-04:00
129.37,129.37,129.3,129.3,909,2024-03-28 10:15:00-04:00
129.31,129.38,129.2944,129.2944,365,2024-03-28 10:16:00-04:00
129.21,129.26,129.125,129.125,400,2024-03-28 10:17:00-04:00
129.19,129.19,129.0,129.0,1200,2024-03-28 10:18:00-04:00
129.02,129.02,129.0,129.0,200,2024-03-28 10:20:00-04:00
129.09,129.09,129.09,129.09,100,2024-03-28 10:21:00-04:00
129.2,129.24,129.17,129.235,1000,2024-03-28 10:22:00-04:00
129.15,129.23,129.13,129.2025,755,2024-03-28 10:23:00-04:00
129.28,129.29,129.21,129.21,300,2024-03-28 10:24:00-04:00
129.1,129.1,129.1,129.1,170,2024-03-28 10:25:00-04:00
129.27,129.36,129.27,129.36,317,2024-03-28 10:26:00-04:00
129.31,129.39,129.31,129.39,313,2024-03-28 10:27:00-04:00
129.47,129.52,129.47,129.52,200,2024-03-28 10:29:00-04:00
129.51,129.585,129.51,129.53,1779,2024-03-28 10:30:00-04:00
129.62,129.62,129.62,129.62,100,2024-03-28 10:31:00-04:00
129.635,129.635,129.635,129.635,100,2024-03-28 10:32:00-04:00
129.65,129.65,129.65,129.65,200,2024-03-28 10:33:00-04:00
129.605,129.605,129.605,129.605,850,2024-03-28 10:34:00-04:00
129.57,129.57,129.55,129.57,500,2024-03-28 10:35:00-04:00
129.385,129.45,129.38,129.45,617,2024-03-28 10:36:00-04:00
129.46,129.46,129.4509,129.4509,530,2024-03-28 10:37:00-04:00
129.4,129.415,129.4,129.41,630,2024-03-28 10:39:00-04:00
129.49,129.49,129.35,129.35,930,2024-03-28 10:40:00-04:00
129.33,129.33,129.31,129.31,200,2024-03-28 10:41:00-04:00
129.2,129.29,129.2,129.29,502,2024-03-28 10:42:00-04:00
129.25,129.45,129.25,129.45,2027,2024-03-28 10:43:00-04:00
129.34,129.34,129.28,129.3,600,2024-03-28 10:44:00-04:00
129.34,129.42,129.305,129.42,1240,2024-03-28 10:45:00-04:00
129.37,129.37,129.31,129.31,300,2024-03-28 10:46:00-04:00
129.275,129.275,129.27,129.27,200,2024-03-28 10:47:00-04:00
129.27,129.4,129.27,129.325,1300,2024-03-28 10:48:00-04:00
129.345,129.345,129.19,129.19,1444,2024-03-28 10:49:00-04:00
129.19,129.26,129.19,129.26,300,2024-03-28 10:50:00-04:00
129.27,129.27,129.27,129.27,500,2024-03-28 10:51:00-04:00
129.23,129.23,129.22,129.22,303,2024-03-28 10:52:00-04:00
129.13,129.13,129.08,129.08,500,2024-03-28 10:54:00-04:00
129.0112,129.0112,128.9875,128.9875,250,2024-03-28 10:55:00-04:00
128.905,128.92,128.905,128.92,200,2024-03-28 10:56:00-04:00
129.02,129.04,129.02,129.04,391,2024-03-28 10:57:00-04:00
128.95,128.95,128.95,128.95,387,2024-03-28 10:58:00-04:00
129.03,129.15,129.03,129.15,535,2024-03-28 11:00:00-04:00
129.09,129.09,129.09,129.09,465,2024-03-28 11:01:00-04:00
129.095,129.16,128.99,128.99,1300,2024-03-28 11:03:00-04:00
129.04,129.04,128.945,128.945,320,2024-03-28 11:04:00-04:00
128.91,128.91,128.87,128.87,200,2024-03-28 11:05:00-04:00
128.96,128.96,128.96,128.96,300,2024-03-28 11:06:00-04:00
128.91,128.91,128.89,128.91,500,2024-03-28 11:07:00-04:00
128.87,128.8888,128.83,128.83,400,2024-03-28 11:08:00-04:00
128.85,128.87,128.85,128.87,350,2024-03-28 11:09:00-04:00
128.89,128.95,128.86,128.86,419,2024-03-28 11:10:00-04:00
128.905,128.905,128.905,128.905,200,2024-03-28 11:11:00-04:00
129.07,129.16,129.02,129.02,700,2024-03-28 11:12:00-04:00
129.01,129.01,128.96,128.975,600,2024-03-28 11:14:00-04:00
129.01,129.03,129.01,129.02,300,2024-03-28 11:15:00-04:00
129.05,129.1,129.05,129.09,400,2024-03-28 11:18:00-04:00
129.125,129.125,129.125,129.125,100,2024-03-28 11:19:00-04:00
129.0801,129.1417,129.0801,129.1417,298,2024-03-28 11:20:00-04:00
129.087,129.087,129.07,129.07,840,2024-03-28 11:21:00-04:00
129.06,129.06,129.06,129.06,100,2024-03-28 11:23:00-04:00
129.12,129.14,129.12,129.14,928,2024-03-28 11:24:00-04:00
129.12,129.145,129.05,129.11,1100,2024-03-28 11:25:00-04:00
129.05,129.05,129.05,129.05,100,2024-03-28 11:26:00-04:00
129.13,129.13,129.13,129.13,200,2024-03-28 11:27:00-04:00
129.065,129.065,129.06,129.06,200,2024-03-28 11:28:00-04:00
129.065,129.065,128.975,129.02,750,2024-03-28 11:30:00-04:00
129.01,129.01,129.01,129.01,100,2024-03-28 11:31:00-04:00
129.06,129.09,129.06,129.09,427,2024-03-28 11:32:00-04:00
129.065,129.14,129.065,129.14,391,2024-03-28 11:33:00-04:00
129.07,129.13,129.07,129.13,600,2024-03-28 11:34:00-04:00
129.085,129.123,128.98,128.98,772,2024-03-28 11:35:00-04:00
129.06,129.11,129.0,129.0,338,2024-03-28 11:36:00-04:00
129.0,129.0,128.97,128.97,200,2024-03-28 11:37:00-04:00
128.995,129.03,128.995,129.03,400,2024-03-28 11:38:00-04:00
129.06,129.06,128.84,128.84,3648,2024-03-28 11:39:00-04:00
128.9,128.9,128.9,128.9,408,2024-03-28 11:40:00-04:00
128.95,128.95,128.9,128.9,300,2024-03-28 11:41:00-04:00
128.98,128.99,128.98,128.99,300,2024-03-28 11:42:00-04:00
128.92,128.92,128.92,128.92,100,2024-03-28 11:43:00-04:00
128.88,128.88,128.88,128.88,100,2024-03-28 11:44:00-04:00
129.01,129.01,129.01,129.01,200,2024-03-28 11:45:00-04:00
128.8083,128.8083,128.76,128.76,300,2024-03-28 11:46:00-04:00
128.635,128.635,128.635,128.635,100,2024-03-28 11:47:00-04:00
128.695,128.77,128.69,128.7,600,2024-03-28 11:48:00-04:00
128.81,128.82,128.81,128.82,547,2024-03-28 11:51:00-04:00
128.87,128.87,128.865,128.865,200,2024-03-28 11:52:00-04:00
129.06,129.11,129.02,129.11,1000,2024-03-28 11:53:00-04:00
129.02,129.02,128.98,128.98,709,2024-03-28 11:54:00-04:00
129.01,129.02,128.98,129.02,500,2024-03-28 11:55:00-04:00
128.975,129.0,128.975,129.0,752,2024-03-28 11:56:00-04:00
129.03,129.21,129.03,129.21,410,2024-03-28 11:57:00-04:00
129.17,129.17,129.15,129.15,300,2024-03-28 11:58:00-04:00
129.16,129.16,129.145,129.145,200,2024-03-28 11:59:00-04:00
129.2,129.2,129.05,129.05,1710,2024-03-28 12:00:00-04:00
129.13,129.135,129.05,129.05,1154,2024-03-28 12:01:00-04:00
129.07,129.13,129.07,129.13,200,2024-03-28 12:02:00-04:00
129.13,129.135,129.13,129.135,857,2024-03-28 12:03:00-04:00
129.1,129.1,128.97,129.0,600,2024-03-28 12:04:00-04:00
129.03,129.03,129.0,129.0,300,2024-03-28 12:06:00-04:00
128.9,128.95,128.88,128.95,530,2024-03-28 12:07:00-04:00
128.9,128.94,128.88,128.91,1000,2024-03-28 12:08:00-04:00
128.9,128.9,128.69,128.69,1298,2024-03-28 12:09:00-04:00
128.715,128.8,128.66,128.66,1600,2024-03-28 12:12:00-04:00
128.74,128.74,128.74,128.74,100,2024-03-28 12:13:00-04:00
128.745,128.77,128.73,128.73,971,2024-03-28 12:14:00-04:00
128.71,128.76,128.71,128.75,500,2024-03-28 12:15:00-04:00
128.73,128.78,128.73,128.775,400,2024-03-28 12:16:00-04:00
128.81,128.84,128.77,128.84,973,2024-03-28 12:17:00-04:00
128.83,128.86,128.83,128.85,502,2024-03-28 12:18:00-04:00
128.89,128.9,128.81,128.81,1300,2024-03-28 12:19:00-04:00
128.77,128.83,128.77,128.79,400,2024-03-28 12:20:00-04:00
128.785,128.82,128.74,128.76,800,2024-03-28 12:21:00-04:00
128.81,128.89,128.81,128.84,500,2024-03-28 12:22:00-04:00
128.84,128.955,128.84,128.955,700,2024-03-28 12:23:00-04:00
128.98,129.0,128.925,128.925,651,2024-03-28 12:24:00-04:00
128.8725,129.0081,128.87,128.87,3675,2024-03-28 12:25:00-04:00
128.91,128.91,128.81,128.81,1226,2024-03-28 12:26:00-04:00
128.8,128.86,128.8,128.86,400,2024-03-28 12:27:00-04:00
128.83,128.83,128.74,128.78,300,2024-03-28 12:28:00-04:00
128.76,128.81,128.76,128.81,425,2024-03-28 12:29:00-04:00
128.795,128.8,128.75,128.75,900,2024-03-28 12:30:00-04:00
128.79,128.8,128.715,128.715,816,2024-03-28 12:31:00-04:00
128.77,128.77,128.77,128.77,300,2024-03-28 12:33:00-04:00
128.7,128.7,128.63,128.63,300,2024-03-28 12:34:00-04:00
128.65,128.65,128.625,128.625,1700,2024-03-28 12:35:00-04:00
128.68,128.69,128.67,128.67,1087,2024-03-28 12:36:00-04:00
128.59,128.59,128.44,128.48,600,2024-03-28 12:37:00-04:00
128.434,128.434,128.39,128.39,200,2024-03-28 12:38:00-04:00
128.385,128.51,128.385,128.51,343,2024-03-28 12:39:00-04:00
128.49,128.49,128.49,128.49,102,2024-03-28 12:40:00-04:00
128.48,128.48,128.48,128.48,100,2024-03-28 12:41:00-04:00
128.55,128.55,128.55,128.55,200,2024-03-28 12:42:00-04:00
128.537,128.537,128.465,128.465,400,2024-03-28 12:45:00-04:00
128.39,128.39,128.39,128.39,100,2024-03-28 12:46:00-04:00
128.45,128.45,128.45,128.45,200,2024-03-28 12:48:00-04:00
128.365,128.365,128.36,128.36,200,2024-03-28 12:49:00-04:00
128.4,128.5,128.4,128.5,800,2024-03-28 12:50:00-04:00
128.51,128.52,128.51,128.52,200,2024-03-28 12:51:00-04:00
128.6,128.61,128.57,128.61,600,2024-03-28 12:53:00-04:00
128.67,128.67,128.51,128.51,1255,2024-03-28 12:54:00-04:00
128.56,128.57,128.56,128.57,200,2024-03-28 12:55:00-04:00
128.625,128.625,128.625,128.625,100,2024-03-28 12:56:00-04:00
128.66,128.66,128.55,128.55,400,2024-03-28 12:57:00-04:00
128.545,128.545,128.545,128.545,500,2024-03-28 12:58:00-04:00
128.55,128.595,128.545,128.595,500,2024-03-28 12:59:00-04:00
128.62,128.66,128.62,128.66,325,2024-03-28 13:00:00-04:00
128.71,128.72,128.71,128.72,290,2024-03-28 13:02:00-04:00
128.67,128.73,128.62,128.62,755,2024-03-28 13:03:00-04:00
128.5901,128.5901,128.59,128.59,387,2024-03-28 13:04:00-04:00
128.66,128.66,128.66,128.66,251,2024-03-28 13:05:00-04:00
128.715,128.715,128.71,128.71,300,2024-03-28 13:06:00-04:00
128.74,128.76,128.74,128.76,200,2024-03-28 13:09:00-04:00
128.86,128.86,128.86,128.86,151,2024-03-28 13:12:00-04:00
128.85,128.9,128.85,128.9,482,2024-03-28 13:13:00-04:00
128.805,128.805,128.805,128.805,100,2024-03-28 13:14:00-04:00
128.88,128.88,128.835,128.835,232,2024-03-28 13:15:00-04:00
128.87,128.87,128.865,128.865,500,2024-03-28 13:18:00-04:00
128.78,128.78,128.775,128.775,235,2024-03-28 13:19:00-04:00
128.78,128.78,128.78,128.78,100,2024-03-28 13:20:00-04:00
128.79,128.86,128.79,128.86,215,2024-03-28 13:21:00-04:00
128.775,128.775,128.71,128.71,600,2024-03-28 13:22:00-04:00
128.76,128.77,128.76,128.77,300,2024-03-28 13:24:00-04:00
128.71,128.71,128.71,128.71,200,2024-03-28 13:26:00-04:00
128.79,128.79,128.79,128.79,387,2024-03-28 13:27:00-04:00
128.76,128.76,128.76,128.76,100,2024-03-28 13:28:00-04:00
128.79,128.79,128.79,128.79,100,2024-03-28 13:29:00-04:00
128.74,128.75,128.67,128.67,1209,2024-03-28 13:30:00-04:00
128.65,128.67,128.54,128.55,2275,2024-03-28 13:31:00-04:00
128.5538,128.5538,128.47,128.5,633,2024-03-28 13:32:00-04:00
128.51,128.56,128.51,128.56,590,2024-03-28 13:33:00-04:00
128.51,128.51,128.48,128.48,200,2024-03-28 13:34:00-04:00
128.47,128.47,128.44,128.44,200,2024-03-28 13:35:00-04:00
128.45,128.5,128.435,128.465,3600,2024-03-28 13:36:00-04:00
128.53,128.58,128.53,128.58,1000,2024-03-28 13:37:00-04:00
128.69,128.71,128.69,128.71,300,2024-03-28 13:39:00-04:00
128.6625,128.6625,128.6625,128.6625,100,2024-03-28 13:40:00-04:00
128.7,128.7,128.65,128.65,200,2024-03-28 13:41:00-04:00
128.61,128.61,128.59,128.59,700,2024-03-28 13:42:00-04:00
128.66,128.66,128.66,128.66,100,2024-03-28 13:43:00-04:00
128.65,128.65,128.65,128.65,100,2024-03-28 13:44:00-04:00
128.68,128.68,128.68,128.68,200,2024-03-28 13:45:00-04:00
128.69,128.73,128.69,128.73,200,2024-03-28 13:46:00-04:00
128.77,128.77,128.77,128.77,200,2024-03-28 13:48:00-04:00
128.66,128.69,128.66,128.69,200,2024-03-28 13:50:00-04:00
128.69,128.69,128.69,128.69,300,2024-03-28 13:51:00-04:00
128.66,128.72,128.66,128.72,327,2024-03-28 13:52:00-04:00
128.74,128.755,128.7342,128.7342,1041,2024-03-28 13:53:00-04:00
128.74,128.74,128.655,128.66,900,2024-03-28 13:54:00-04:00
128.67,128.67,128.665,128.665,300,2024-03-28 13:55:00-04:00
128.67,128.725,128.67,128.725,891,2024-03-28 13:56:00-04:00
128.75,128.78,128.63,128.63,1700,2024-03-28 13:57:00-04:00
128.68,128.68,128.68,128.68,100,2024-03-28 13:58:00-04:00
128.65,128.66,128.6001,128.6001,332,2024-03-28 13:59:00-04:00
128.69,128.77,128.69,128.73,610,2024-03-28 14:00:00-04:00
128.655,128.71,128.655,128.675,978,2024-03-28 14:01:00-04:00
128.7,128.72,128.69,128.7,1200,2024-03-28 14:02:00-04:00
128.72,128.72,128.7,128.7,400,2024-03-28 14:03:00-04:00
128.68,128.77,128.68,128.71,1100,2024-03-28 14:04:00-04:00
128.695,128.77,128.695,128.735,1762,2024-03-28 14:05:00-04:00
128.76,128.84,128.76,128.77,1500,2024-03-28 14:06:00-04:00
128.82,128.82,128.82,128.82,200,2024-03-28 14:07:00-04:00
128.835,128.835,128.79,128.82,500,2024-03-28 14:08:00-04:00
128.86,128.86,128.86,128.86,100,2024-03-28 14:09:00-04:00
128.945,128.98,128.945,128.98,200,2024-03-28 14:10:00-04:00
129.075,129.105,129.0,129.0,930,2024-03-28 14:11:00-04:00
129.01,129.01,128.91,128.91,903,2024-03-28 14:12:00-04:00
128.86,128.89,128.85,128.89,600,2024-03-28 14:13:00-04:00
128.915,128.925,128.88,128.9,1300,2024-03-28 14:14:00-04:00
128.885,128.93,128.78,128.78,1700,2024-03-28 14:15:00-04:00
128.69,128.78,128.69,128.78,400,2024-03-28 14:16:00-04:00
128.79,128.81,128.75,128.76,2844,2024-03-28 14:17:00-04:00
128.75,128.83,128.74,128.79,3547,2024-03-28 14:18:00-04:00
128.795,128.795,128.74,128.74,500,2024-03-28 14:19:00-04:00
128.78,128.8,128.78,128.79,1000,2024-03-28 14:20:00-04:00
128.7,128.73,128.655,128.69,1932,2024-03-28 14:21:00-04:00
128.6925,128.6925,128.665,128.665,200,2024-03-28 14:22:00-04:00
128.69,128.72,128.675,128.69,900,2024-03-28 14:23:00-04:00
128.705,128.73,128.7,128.705,1199,2024-03-28 14:24:00-04:00
128.705,128.72,128.59,128.6,2313,2024-03-28 14:25:00-04:00
128.61,128.625,128.58,128.6,1459,2024-03-28 14:26:00-04:00
128.55,128.565,128.54,128.565,1001,2024-03-28 14:27:00-04:00
128.56,128.56,128.56,128.56,400,2024-03-28 14:28:00-04:00
128.53,128.59,128.53,128.53,1714,2024-03-28 14:29:00-04:00
128.5,128.525,128.5,128.525,1200,2024-03-28 14:30:00-04:00
128.52,128.52,128.5,128.5,300,2024-03-28 14:31:00-04:00
128.49,128.495,128.4725,128.48,555,2024-03-28 14:32:00-04:00
128.495,128.52,128.495,128.5,900,2024-03-28 14:33:00-04:00
128.5,128.57,128.5,128.52,1100,2024-03-28 14:34:00-04:00
128.51,128.63,128.51,128.63,500,2024-03-28 14:35:00-04:00
128.645,128.69,128.645,128.69,400,2024-03-28 14:36:00-04:00
128.69,128.72,128.69,128.72,759,2024-03-28 14:37:00-04:00
128.76,128.76,128.76,128.76,100,2024-03-28 14:38:00-04:00
128.78,128.78,128.74,128.74,500,2024-03-28 14:39:00-04:00
128.72,128.73,128.71,128.73,306,2024-03-28 14:40:00-04:00
128.74,128.74,128.685,128.685,316,2024-03-28 14:41:00-04:00
128.71,128.71,128.64,128.64,400,2024-03-28 14:42:00-04:00
128.65,128.72,128.63,128.68,1125,2024-03-28 14:43:00-04:00
128.725,128.725,128.725,128.725,200,2024-03-28 14:45:00-04:00
128.8,128.86,128.8,128.84,400,2024-03-28 14:46:00-04:00
128.89,128.89,128.83,128.83,209,2024-03-28 14:47:00-04:00
128.81,128.87,128.81,128.87,400,2024-03-28 14:48:00-04:00
128.88,128.895,128.88,128.895,300,2024-03-28 14:49:00-04:00
128.93,128.935,128.805,128.805,1467,2024-03-28 14:50:00-04:00
128.865,128.865,128.81,128.81,700,2024-03-28 14:51:00-04:00
128.81,128.875,128.81,128.875,803,2024-03-28 14:52:00-04:00
128.86,128.86,128.86,128.86,100,2024-03-28 14:53:00-04:00
128.88,128.92,128.88,128.92,3483,2024-03-28 14:54:00-04:00
128.87,128.88,128.87,128.88,300,2024-03-28 14:55:00-04:00
128.86,128.89,128.86,128.89,500,2024-03-28 14:56:00-04:00
128.905,128.93,128.88,128.88,600,2024-03-28 14:57:00-04:00
128.94,128.985,128.94,128.96,857,2024-03-28 14:58:00-04:00
129.0,129.035,129.0,129.035,707,2024-03-28 14:59:00-04:00
129.06,129.07,129.04,129.04,600,2024-03-28 15:00:00-04:00
129.02,129.02,129.02,129.02,100,2024-03-28 15:01:00-04:00
129.07,129.07,129.0,129.025,848,2024-03-28 15:02:00-04:00
128.98,129.05,128.91,128.91,600,2024-03-28 15:03:00-04:00
128.93,128.95,128.91,128.9221,948,2024-03-28 15:04:00-04:00
128.8975,128.93,128.83,128.93,820,2024-03-28 15:05:00-04:00
128.94,128.94,128.93,128.93,200,2024-03-28 15:06:00-04:00
128.95,128.95,128.95,128.95,104,2024-03-28 15:07:00-04:00
128.9275,129.025,128.9275,129.025,316,2024-03-28 15:08:00-04:00
129.11,129.15,129.04,129.105,1750,2024-03-28 15:09:00-04:00
129.09,129.09,129.045,129.09,700,2024-03-28 15:11:00-04:00
129.1,129.11,129.06,129.075,1400,2024-03-28 15:12:00-04:00
129.07,129.07,129.04,129.05,654,2024-03-28 15:14:00-04:00
129.1,129.145,129.06,129.06,1355,2024-03-28 15:15:00-04:00
129.075,129.075,129.005,129.005,863,2024-03-28 15:16:00-04:00
128.97,128.99,128.97,128.97,748,2024-03-28 15:17:00-04:00
128.95,128.97,128.93,128.93,900,2024-03-28 15:18:00-04:00
128.94,128.98,128.94,128.98,500,2024-03-28 15:19:00-04:00
129.01,129.06,129.005,129.06,1318,2024-03-28 15:20:00-04:00
129.07,129.15,129.07,129.12,1100,2024-03-28 15:21:00-04:00
129.19,129.19,129.19,129.19,100,2024-03-28 15:22:00-04:00
129.19,129.19,129.14,129.14,695,2024-03-28 15:23:00-04:00
129.17,129.17,129.09,129.13,900,2024-03-28 15:24:00-04:00
129.17,129.23,129.17,129.21,700,2024-03-28 15:25:00-04:00
129.18,129.22,129.175,129.22,700,2024-03-28 15:26:00-04:00
129.25,129.25,129.1545,129.19,4047,2024-03-28 15:27:00-04:00
129.1,129.19,129.1,129.19,303,2024-03-28 15:28:00-04:00
129.19,129.21,129.17,129.21,888,2024-03-28 15:29:00-04:00
129.2,129.26,129.2,129.25,700,2024-03-28 15:30:00-04:00
129.21,129.21,129.05,129.07,2745,2024-03-28 15:31:00-04:00
129.02,129.02,128.9,128.91,1679,2024-03-28 15:32:00-04:00
128.91,128.99,128.91,128.97,1850,2024-03-28 15:33:00-04:00
128.94,128.94,128.84,128.84,1523,2024-03-28 15:34:00-04:00
128.84,128.84,128.73,128.74,911,2024-03-28 15:35:00-04:00
128.74,128.74,128.6625,128.74,2014,2024-03-28 15:36:00-04:00
128.72,128.785,128.67,128.77,3042,2024-03-28 15:37:00-04:00
128.765,128.78,128.73,128.73,909,2024-03-28 15:38:00-04:00
128.68,128.69,128.64,128.64,722,2024-03-28 15:39:00-04:00
128.655,128.745,128.655,128.66,2361,2024-03-28 15:40:00-04:00
128.69,128.78,128.68,128.72,3315,2024-03-28 15:41:00-04:00
128.76,128.76,128.65,128.65,1057,2024-03-28 15:42:00-04:00
128.65,128.65,128.49,128.49,2000,2024-03-28 15:43:00-04:00
128.48,128.745,128.48,128.745,3438,2024-03-28 15:44:00-04:00
128.72,128.72,128.62,128.715,1701,2024-03-28 15:45:00-04:00
128.66,128.69,128.58,128.59,2701,2024-03-28 15:46:00-04:00
128.64,128.64,128.54,128.545,2892,2024-03-28 15:47:00-04:00
128.56,128.6,128.53,128.58,2770,2024-03-28 15:48:00-04:00
128.55,128.64,128.55,128.63,3128,2024-03-28 15:49:00-04:00
128.67,128.775,128.57,128.605,4755,2024-03-28 15:50:00-04:00
128.62,128.79,128.62,128.79,3417,2024-03-28 15:51:00-04:00
128.84,128.93,128.77,128.91,5615,2024-03-28 15:52:00-04:00
128.89,128.92,128.705,128.705,4532,2024-03-28 15:53:00-04:00
128.72,128.96,128.715,128.96,7208,2024-03-28 15:54:00-04:00
128.93,129.09,128.88,129.07,9700,2024-03-28 15:55:00-04:00
129.01,129.03,128.86,129.02,9797,2024-03-28 15:56:00-04:00
129.02,129.16,129.02,129.15,8977,2024-03-28 15:57:00-04:00
129.13,129.17,129.07,129.133,12452,2024-03-28 15:58:00-04:00
129.13,129.13,128.86,128.9,27829,2024-03-28 15:59:00-04:00
128.91,128.91,128.91,128.91,213993,2024-03-28 16:00:00-04:00
128.91,128.91,128.91,128.91,231,2024-03-28 16:20:00-04:00
129.8,129.8,129.8,129.8,447,2024-04-01 04:00:00-04:00
129.8,129.8,129.8,129.8,272,2024-04-01 04:02:00-04:00
128.91,128.91,128.91,128.91,847,2024-04-01 08:04:00-04:00
129.34,129.34,129.34,129.34,4841,2024-04-01 09:30:00-04:00
129.0,129.02,129.0,129.02,685,2024-04-01 09:31:00-04:00
128.5,128.5,128.5,128.5,100,2024-04-01 09:32:00-04:00
128.56,128.56,128.25,128.25,600,2024-04-01 09:33:00-04:00
128.165,128.165,128.15,128.15,200,2024-04-01 09:34:00-04:00
127.845,128.06,127.8225,127.905,1405,2024-04-01 09:35:00-04:00
128.16,128.17,127.82,127.96,1050,2024-04-01 09:38:00-04:00
127.96,128.13,127.96,128.13,300,2024-04-01 09:39:00-04:00
128.0025,128.005,127.94,127.94,500,2024-04-01 09:40:00-04:00
128.13,128.17,128.13,128.16,900,2024-04-01 09:41:00-04:00
128.18,128.18,128.18,128.18,200,2024-04-01 09:42:00-04:00
128.19,128.19,128.18,128.18,300,2024-04-01 09:43:00-04:00
128.06,128.06,128.06,128.06,100,2024-04-01 09:44:00-04:00
127.945,128.0,127.945,128.0,300,2024-04-01 09:45:00-04:00
127.895,127.96,127.81,127.915,1600,2024-04-01 09:46:00-04:00
127.965,127.965,127.81,127.91,500,2024-04-01 09:47:00-04:00
127.84,127.84,127.84,127.84,100,2024-04-01 09:48:00-04:00
127.815,127.815,127.815,127.815,200,2024-04-01 09:49:00-04:00
127.91,127.98,127.91,127.98,310,2024-04-01 09:51:00-04:00
127.8975,127.8975,127.8975,127.8975,100,2024-04-01 09:52:00-04:00
127.95,127.96,127.95,127.96,200,2024-04-01 09:54:00-04:00
127.84,127.84,127.84,127.84,100,2024-04-01 09:55:00-04:00
127.8785,127.8785,127.8785,127.8785,689,2024-04-01 09:56:00-04:00
128.06,128.06,128.0,128.0,400,2024-04-01 09:57:00-04:00
128.055,128.055,128.055,128.055,200,2024-04-01 09:58:00-04:00
127.96,127.96,127.96,127.96,110,2024-04-01 09:59:00-04:00
127.86,127.86,127.86,127.86,200,2024-04-01 10:00:00-04:00
127.6,127.65,127.6,127.65,260,2024-04-01 10:01:00-04:00
127.5,127.53,127.5,127.53,200,2024-04-01 10:03:00-04:00
127.43,127.43,127.25,127.25,915,2024-04-01 10:04:00-04:00
127.23,127.425,127.22,127.3225,2840,2024-04-01 10:05:00-04:00
127.29,127.29,127.22,127.22,300,2024-04-01 10:06:00-04:00
127.22,127.22,127.07,127.07,500,2024-04-01 10:07:00-04:00
126.965,126.98,126.965,126.98,300,2024-04-01 10:08:00-04:00
126.86,126.86,126.86,126.86,200,2024-04-01 10:09:00-04:00
127.03,127.03,127.03,127.03,118,2024-04-01 10:10:00-04:00
126.9,127.05,126.9,127.05,576,2024-04-01 10:11:00-04:00
127.12,127.12,127.12,127.12,100,2024-04-01 10:13:00-04:00
126.995,127.13,126.995,127.13,300,2024-04-01 10:14:00-04:00
127.13,127.13,127.13,127.13,100,2024-04-01 10:15:00-04:00
127.1499,127.1499,127.1499,127.1499,122,2024-04-01 10:16:00-04:00
126.88,126.89,126.88,126.89,200,2024-04-01 10:17:00-04:00
126.94,126.94,126.94,126.94,100,2024-04-01 10:18:00-04:00
126.95,126.95,126.95,126.95,100,2024-04-01 10:19:00-04:00
126.9,126.98,126.9,126.98,307,2024-04-01 10:20:00-04:00
126.98,127.02,126.98,126.9852,750,2024-04-01 10:21:00-04:00
126.9,126.9,126.9,126.9,100,2024-04-01 10:25:00-04:00
126.71,126.78,126.71,126.78,600,2024-04-01 10:26:00-04:00
126.7483,126.7483,126.64,126.64,799,2024-04-01 10:27:00-04:00
126.55,126.6,126.5,126.5,407,2024-04-01 10:28:00-04:00
126.4401,126.4401,126.4401,126.4401,100,2024-04-01 10:29:00-04:00
126.38,126.38,126.375,126.375,200,2024-04-01 10:32:00-04:00
126.31,126.33,126.22,126.22,1525,2024-04-01 10:33:00-04:00
126.21,126.21,126.15,126.15,307,2024-04-01 10:34:00-04:00
126.11,126.11,126.02,126.02,300,2024-04-01 10:36:00-04:00
126.11,126.11,126.11,126.11,100,2024-04-01 10:37:00-04:00
126.05,126.05,126.015,126.02,400,2024-04-01 10:38:00-04:00
126.01,126.07,125.97,126.035,959,2024-04-01 10:39:00-04:00
126.025,126.03,126.025,126.03,300,2024-04-01 10:40:00-04:00
126.0,126.0,125.92,125.92,300,2024-04-01 10:41:00-04:00
126.04,126.22,126.02,126.22,1400,2024-04-01 10:43:00-04:00
126.24,126.24,126.24,126.24,400,2024-04-01 10:45:00-04:00
126.205,126.205,126.08,126.08,202,2024-04-01 10:46:00-04:00
126.08,126.08,126.01,126.01,500,2024-04-01 10:47:00-04:00
126.01,126.09,126.01,126.09,225,2024-04-01 10:48:00-04:00
126.08,126.08,126.0,126.0,200,2024-04-01 10:49:00-04:00
126.14,126.21,126.14,126.17,300,2024-04-01 10:51:00-04:00
126.29,126.29,126.29,126.29,100,2024-04-01 10:53:00-04:00
126.25,126.36,126.24,126.26,937,2024-04-01 10:54:00-04:00
126.24,126.24,126.15,126.15,200,2024-04-01 10:55:00-04:00
126.365,126.365,126.365,126.365,100,2024-04-01 10:57:00-04:00
126.21,126.32,126.21,126.24,332,2024-04-01 10:58:00-04:00
126.36,126.42,126.29,126.42,2100,2024-04-01 11:03:00-04:00
126.385,126.39,126.36,126.39,500,2024-04-01 11:04:00-04:00
126.37,126.37,126.37,126.37,100,2024-04-01 11:05:00-04:00
126.44,126.44,126.44,126.44,100,2024-04-01 11:06:00-04:00
126.35,126.36,126.34,126.36,300,2024-04-01 11:07:00-04:00
126.34,126.34,126.27,126.27,230,2024-04-01 11:08:00-04:00
126.24,126.32,126.21,126.22,1257,2024-04-01 11:09:00-04:00
126.16,126.17,126.16,126.17,200,2024-04-01 11:10:00-04:00
126.25,126.33,126.25,126.33,301,2024-04-01 11:11:00-04:00
126.22,126.25,126.22,126.22,300,2024-04-01 11:12:00-04:00
126.28,126.28,126.28,126.28,100,2024-04-01 11:14:00-04:00
126.235,126.36,126.21,126.36,1691,2024-04-01 11:15:00-04:00
126.41,126.41,126.36,126.36,589,2024-04-01 11:19:00-04:00
126.42,126.425,126.42,126.425,200,2024-04-01 11:20:00-04:00
126.44,126.44,126.425,126.425,400,2024-04-01 11:21:00-04:00
126.425,126.485,126.425,126.485,300,2024-04-01 11:22:00-04:00
126.47,126.49,126.445,126.49,525,2024-04-01 11:23:00-04:00
126.45,126.45,126.35,126.35,725,2024-04-01 11:24:00-04:00
126.35,126.35,126.35,126.35,402,2024-04-01 11:27:00-04:00
126.25,126.25,126.25,126.25,100,2024-04-01 11:29:00-04:00
126.345,126.345,126.345,126.345,100,2024-04-01 11:30:00-04:00
126.35,126.35,126.35,126.35,100,2024-04-01 11:31:00-04:00
126.29,126.29,126.28,126.28,200,2024-04-01 11:32:00-04:00
126.34,126.375,126.34,126.35,700,2024-04-01 11:33:00-04:00
126.27,126.27,126.25,126.26,652,2024-04-01 11:35:00-04:00
126.15,126.15,125.99,126.08,777,2024-04-01 11:36:00-04:00
126.0721,126.0721,126.0721,126.0721,100,2024-04-01 11:37:00-04:00
126.01,126.01,125.91,125.91,402,2024-04-01 11:38:00-04:00
125.91,125.93,125.91,125.91,600,2024-04-01 11:39:00-04:00
125.9,125.9,125.885,125.885,400,2024-04-01 11:40:00-04:00
125.895,125.895,125.895,125.895,100,2024-04-01 11:41:00-04:00
125.9,125.9,125.9,125.9,140,2024-04-01 11:42:00-04:00
125.97,125.97,125.94,125.94,500,2024-04-01 11:43:00-04:00
126.03,126.07,126.01,126.06,1700,2024-04-01 11:44:00-04:00
126.08,126.08,126.08,126.08,100,2024-04-01 11:45:00-04:00
126.105,126.13,126.105,126.13,300,2024-04-01 11:46:00-04:00
126.13,126.13,126.13,126.13,300,2024-04-01 11:47:00-04:00
126.16,126.165,126.13,126.165,20225,2024-04-01 11:48:00-04:00
126.18,126.18,126.18,126.18,100,2024-04-01 11:49:00-04:00
126.145,126.145,126.145,126.145,100,2024-04-01 11:50:00-04:00
126.15,126.15,126.15,126.15,100,2024-04-01 11:51:00-04:00
126.095,126.095,126.095,126.095,200,2024-04-01 11:52:00-04:00
126.04,126.04,126.04,126.04,100,2024-04-01 11:53:00-04:00
126.025,126.14,126.025,126.14,934,2024-04-01 11:54:00-04:00
126.18,126.18,126.18,126.18,100,2024-04-01 11:55:00-04:00
126.225,126.225,126.225,126.225,100,2024-04-01 11:56:00-04:00
126.25,126.25,126.17,126.17,402,2024-04-01 11:59:00-04:00
126.03,126.03,126.03,126.03,102,2024-04-01 12:00:00-04:00
125.95,125.95,125.95,125.95,100,2024-04-01 12:01:00-04:00
126.11,126.12,126.1,126.1,750,2024-04-01 12:02:00-04:00
126.07,126.07,126.07,126.07,100,2024-04-01 12:05:00-04:00
126.07,126.07,125.97,125.97,200,2024-04-01 12:06:00-04:00
126.06,126.07,126.04,126.04,300,2024-04-01 12:08:00-04:00
126.06,126.08,126.06,126.08,918,2024-04-01 12:10:00-04:00
125.92,125.92,125.92,125.92,100,2024-04-01 12:11:00-04:00
125.96,126.1,125.96,126.06,1100,2024-04-01 12:12:00-04:00
126.035,126.04,126.035,126.04,200,2024-04-01 12:13:00-04:00
126.07,126.09,126.05,126.09,300,2024-04-01 12:14:00-04:00
126.07,126.08,126.07,126.08,300,2024-04-01 12:15:00-04:00
125.97,125.97,125.95,125.95,400,2024-04-01 12:16:00-04:00
126.0,126.0,126.0,126.0,100,2024-04-01 12:17:00-04:00
125.86,125.86,125.86,125.86,100,2024-04-01 12:19:00-04:00
125.79,125.79,125.755,125.785,400,2024-04-01 12:20:00-04:00
125.82,125.86,125.81,125.82,716,2024-04-01 12:21:00-04:00
125.815,125.815,125.815,125.815,100,2024-04-01 12:22:00-04:00
125.87,125.91,125.61,125.72,23285,2024-04-01 12:23:00-04:00
125.82,125.85,125.74,125.85,800,2024-04-01 12:24:00-04:00
125.91,126.05,125.91,125.945,6780,2024-04-01 12:25:00-04:00
125.945,125.945,125.945,125.945,654,2024-04-01 12:26:00-04:00
125.95,126.17,125.95,126.17,834,2024-04-01 12:27:00-04:00
126.26,126.285,126.26,126.285,300,2024-04-01 12:28:00-04:00
126.04,126.115,126.0,126.0,400,2024-04-01 12:30:00-04:00
126.0,126.0,125.951,125.959,300,2024-04-01 12:31:00-04:00
125.985,125.985,125.955,125.985,300,2024-04-01 12:32:00-04:00
126.03,126.03,126.03,126.03,100,2024-04-01 12:33:00-04:00
125.95,125.95,125.88,125.89,345,2024-04-01 12:34:00-04:00
125.86,125.86,125.86,125.86,100,2024-04-01 12:35:00-04:00
125.86,125.86,125.86,125.86,100,2024-04-01 12:36:00-04:00
125.86,125.97,125.86,125.92,900,2024-04-01 12:37:00-04:00
125.915,125.95,125.91,125.95,400,2024-04-01 12:38:00-04:00
125.99,126.03,125.99,126.03,200,2024-04-01 12:39:00-04:00
126.16,126.16,126.06,126.06,500,2024-04-01 12:40:00-04:00
126.04,126.04,126.04,126.04,200,2024-04-01 12:41:00-04:00
126.115,126.115,126.115,126.115,443,2024-04-01 12:43:00-04:00
126.12,126.12,126.12,126.12,100,2024-04-01 12:44:00-04:00
126.095,126.095,126.095,126.095,100,2024-04-01 12:45:00-04:00
126.14,126.16,126.13,126.13,1025,2024-04-01 12:46:00-04:00
126.08,126.08,126.08,126.08,100,2024-04-01 12:47:00-04:00
126.15,126.15,126.15,126.15,300,2024-04-01 12:48:00-04:00
126.08,126.12,126.08,126.12,200,2024-04-01 12:49:00-04:00
126.15,126.17,126.145,126.145,500,2024-04-01 12:50:00-04:00
126.2,126.28,126.2,126.25,800,2024-04-01 12:52:00-04:00
126.22,126.22,126.217,126.217,632,2024-04-01 12:53:00-04:00
126.27,126.27,126.18,126.18,200,2024-04-01 12:55:00-04:00
126.22,126.22,126.1126,126.1126,402,2024-04-01 12:56:00-04:00
126.11,126.11,126.065,126.065,306,2024-04-01 12:57:00-04:00
126.065,126.07,126.01,126.01,400,2024-04-01 12:59:00-04:00
126.01,126.01,125.97,125.97,401,2024-04-01 13:00:00-04:00
125.965,125.965,125.88,125.88,705,2024-04-01 13:01:00-04:00
125.935,125.94,125.935,125.94,405,2024-04-01 13:03:00-04:00
125.94,126.0,125.94,125.95,400,2024-04-01 13:04:00-04:00
125.94,125.98,125.94,125.98,400,2024-04-01 13:06:00-04:00
125.945,125.98,125.94,125.965,1312,2024-04-01 13:07:00-04:00
125.975,126.03,125.975,126.03,600,2024-04-01 13:08:00-04:00
126.03,126.03,125.94,125.96,7394,2024-04-01 13:09:00-04:00
125.965,126.0,125.965,125.985,6200,2024-04-01 13:10:00-04:00
125.97,125.97,125.89,125.905,1105,2024-04-01 13:11:00-04:00
125.944,125.97,125.944,125.97,200,2024-04-01 13:12:00-04:00
125.97,126.015,125.97,126.0,700,2024-04-01 13:13:00-04:00
126.03,126.03,125.98,125.996,798,2024-04-01 13:16:00-04:00
126.0,126.0,126.0,126.0,100,2024-04-01 13:17:00-04:00
125.95,125.9622,125.944,125.944,1800,2024-04-01 13:18:00-04:00
125.94,125.94,125.83,125.84,719,2024-04-01 13:19:00-04:00
125.845,125.845,125.8,125.8,300,2024-04-01 13:20:00-04:00
125.85,125.88,125.85,125.87,300,2024-04-01 13:21:00-04:00
125.87,126.015,125.865,126.015,1000,2024-04-01 13:22:00-04:00
125.955,125.955,125.91,125.91,209,2024-04-01 13:23:00-04:00
125.94,126.015,125.94,125.98,1301,2024-04-01 13:24:00-04:00
125.975,125.975,125.93,125.93,513,2024-04-01 13:25:00-04:00
126.0,126.0,126.0,126.0,100,2024-04-01 13:26:00-04:00
126.16,126.17,126.16,126.17,300,2024-04-01 13:27:00-04:00
126.12,126.16,126.0701,126.16,542,2024-04-01 13:28:00-04:00
126.195,126.195,126.11,126.11,700,2024-04-01 13:29:00-04:00
126.125,126.125,126.125,126.125,400,2024-04-01 13:30:00-04:00
126.06,126.06,125.99,125.99,715,2024-04-01 13:31:00-04:00
125.97,126.0,125.97,126.0,600,2024-04-01 13:32:00-04:00
126.01,126.115,126.0,126.115,600,2024-04-01 13:34:00-04:00
126.11,126.11,126.11,126.11,100,2024-04-01 13:35:00-04:00
126.16,126.22,126.16,126.22,300,2024-04-01 13:36:00-04:00
126.33,126.33,126.245,126.245,820,2024-04-01 13:37:00-04:00
126.2789,126.2789,126.245,126.25,437,2024-04-01 13:38:00-04:00
126.26,126.26,126.22,126.22,200,2024-04-01 13:39:00-04:00
126.26,126.26,126.26,126.26,200,2024-04-01 13:40:00-04:00
126.205,126.205,126.205,126.205,100,2024-04-01 13:41:00-04:00
126.24,126.24,126.24,126.24,100,2024-04-01 13:42:00-04:00
126.28,126.285,126.28,126.285,400,2024-04-01 13:43:00-04:00
126.28,126.3932,126.265,126.3932,2292,2024-04-01 13:45:00-04:00
126.44,126.44,126.44,126.44,100,2024-04-01 13:46:00-04:00
126.36,126.36,126.3448,126.3448,1091,2024-04-01 13:49:00-04:00
126.385,126.39,126.385,126.39,200,2024-04-01 13:50:00-04:00
126.36,126.36,126.36,126.36,106,2024-04-01 13:51:00-04:00
126.35,126.43,126.35,126.43,814,2024-04-01 13:52:00-04:00
126.475,126.475,126.475,126.475,118,2024-04-01 13:53:00-04:00
126.45,126.45,126.45,126.45,100,2024-04-01 13:57:00-04:00
126.42,126.42,126.42,126.42,100,2024-04-01 13:58:00-04:00
126.41,126.41,126.41,126.41,100,2024-04-01 13:59:00-04:00
126.44,126.44,126.44,126.44,185,2024-04-01 14:00:00-04:00
126.41,126.41,126.41,126.41,200,2024-04-01 14:01:00-04:00
126.34,126.34,126.32,126.32,207,2024-04-01 14:02:00-04:00
126.335,126.345,126.3,126.3,500,2024-04-01 14:03:00-04:00
126.3499,126.3499,126.3499,126.3499,170,2024-04-01 14:04:00-04:00
126.3,126.3,126.3,126.3,612,2024-04-01 14:05:00-04:00
126.2847,126.285,126.2847,126.285,200,2024-04-01 14:06:00-04:00
126.32,126.32,126.3,126.3,200,2024-04-01 14:07:00-04:00
126.31,126.31,126.31,126.31,100,2024-04-01 14:08:00-04:00
126.28,126.3,126.25,126.25,506,2024-04-01 14:09:00-04:00
126.09,126.09,126.09,126.09,100,2024-04-01 14:11:00-04:00
126.06,126.06,126.06,126.06,100,2024-04-01 14:12:00-04:00
126.14,126.14,126.14,126.14,200,2024-04-01 14:13:00-04:00
126.15,126.15,126.15,126.15,100,2024-04-01 14:14:00-04:00
126.11,126.11,126.11,126.11,100,2024-04-01 14:15:00-04:00
126.16,126.16,126.16,126.16,100,2024-04-01 14:16:00-04:00
126.16,126.19,126.16,126.19,300,2024-04-01 14:18:00-04:00
126.21,126.21,126.21,126.21,100,2024-04-01 14:19:00-04:00
126.21,126.255,126.21,126.255,800,2024-04-01 14:20:00-04:00
126.355,126.355,126.3,126.3,637,2024-04-01 14:22:00-04:00
126.22,126.22,126.16,126.16,200,2024-04-01 14:23:00-04:00
126.2,126.2,126.2,126.2,100,2024-04-01 14:24:00-04:00
126.22,126.3075,126.22,126.3075,300,2024-04-01 14:26:00-04:00
126.24,126.24,126.24,126.24,100,2024-04-01 14:27:00-04:00
126.23,126.23,126.2,126.22,801,2024-04-01 14:28:00-04:00
126.25,126.25,126.235,126.235,300,2024-04-01 14:30:00-04:00
126.24,126.25,126.24,126.25,200,2024-04-01 14:31:00-04:00
126.23,126.24,126.23,126.24,403,2024-04-01 14:32:00-04:00
126.29,126.29,126.26,126.26,519,2024-04-01 14:33:00-04:00
126.24,126.27,126.24,126.26,300,2024-04-01 14:34:00-04:00
126.37,126.37,126.37,126.37,200,2024-04-01 14:36:00-04:00
126.35,126.4,126.35,126.3767,761,2024-04-01 14:37:00-04:00
126.39,126.39,126.38,126.38,200,2024-04-01 14:38:00-04:00
126.4,126.4,126.34,126.34,574,2024-04-01 14:39:00-04:00
126.36,126.36,126.36,126.36,200,2024-04-01 14:41:00-04:00
126.4,126.4,126.4,126.4,200,2024-04-01 14:42:00-04:00
126.4,126.4,126.35,126.36,600,2024-04-01 14:43:00-04:00
126.36,126.36,126.36,126.36,200,2024-04-01 14:44:00-04:00
126.36,126.36,126.275,126.275,541,2024-04-01 14:45:00-04:00
126.23,126.23,126.23,126.23,100,2024-04-01 14:46:00-04:00
126.19,126.24,126.19,126.24,756,2024-04-01 14:47:00-04:00
126.2599,126.26,126.2599,126.26,500,2024-04-01 14:48:00-04:00
126.29,126.335,126.29,126.325,500,2024-04-01 14:50:00-04:00
126.315,126.315,126.25,126.25,617,2024-04-01 14:53:00-04:00
126.23,126.23,126.23,126.23,100,2024-04-01 14:54:00-04:00
126.235,126.28,126.235,126.28,900,2024-04-01 14:55:00-04:00
126.3175,126.3175,126.315,126.315,200,2024-04-01 14:56:00-04:00
126.28,126.28,126.28,126.28,320,2024-04-01 14:58:00-04:00
126.28,126.28,126.28,126.28,100,2024-04-01 14:59:00-04:00
126.255,126.255,126.24,126.245,400,2024-04-01 15:00:00-04:00
126.23,126.2354,126.21,126.21,1100,2024-04-01 15:01:00-04:00
126.25,126.25,126.25,126.25,100,2024-04-01 15:02:00-04:00
126.29,126.32,126.29,126.32,247,2024-04-01 15:03:00-04:00
126.315,126.315,126.25,126.26,882,2024-04-01 15:04:00-04:00
126.31,126.31,126.28,126.28,306,2024-04-01 15:05:00-04:00
126.26,126.29,126.26,126.29,200,2024-04-01 15:06:00-04:00
126.235,126.235,126.235,126.235,210,2024-04-01 15:08:00-04:00
126.15,126.23,126.15,126.23,700,2024-04-01 15:09:00-04:00
126.27,126.27,126.24,126.27,800,2024-04-01 15:10:00-04:00
126.28,126.28,126.24,126.24,675,2024-04-01 15:11:00-04:00
126.27,126.28,126.27,126.28,200,2024-04-01 15:12:00-04:00
126.27,126.27,126.255,126.255,300,2024-04-01 15:14:00-04:00
126.27,126.27,126.21,126.24,1138,2024-04-01 15:15:00-04:00
126.23,126.28,126.22,126.28,300,2024-04-01 15:16:00-04:00
126.31,126.31,126.25,126.25,512,2024-04-01 15:17:00-04:00
126.2,126.2,126.2,126.2,120,2024-04-01 15:18:00-04:00
126.09,126.135,126.09,126.135,757,2024-04-01 15:19:00-04:00
126.125,126.14,126.08,126.08,727,2024-04-01 15:20:00-04:00
126.06,126.06,126.06,126.06,100,2024-04-01 15:21:00-04:00
126.02,126.02,126.015,126.015,399,2024-04-01 15:22:00-04:00
125.99,126.01,125.96,125.96,535,2024-04-01 15:23:00-04:00
125.915,125.96,125.915,125.92,997,2024-04-01 15:24:00-04:00
125.92,125.98,125.92,125.95,1100,2024-04-01 15:25:00-04:00
125.91,125.91,125.91,125.91,100,2024-04-01 15:26:00-04:00
125.88,125.88,125.79,125.79,500,2024-04-01 15:27:00-04:00
125.82,125.85,125.76,125.76,1539,2024-04-01 15:28:00-04:00
125.79,125.82,125.78,125.82,700,2024-04-01 15:29:00-04:00
125.8,125.8,125.78,125.78,338,2024-04-01 15:30:00-04:00
125.725,125.79,125.725,125.76,912,2024-04-01 15:31:00-04:00
125.725,125.725,125.655,125.655,200,2024-04-01 15:32:00-04:00
125.63,125.63,125.63,125.63,436,2024-04-01 15:33:00-04:00
125.61,125.62,125.61,125.62,663,2024-04-01 15:34:00-04:00
125.56,125.56,125.49,125.5,4281,2024-04-01 15:35:00-04:00
125.49,125.53,125.47,125.47,1326,2024-04-01 15:36:00-04:00
125.48,125.49,125.47,125.475,400,2024-04-01 15:37:00-04:00
125.505,125.51,125.44,125.44,319,2024-04-01 15:38:00-04:00
125.5,125.52,125.44,125.47,900,2024-04-01 15:39:00-04:00
125.47,125.5,125.455,125.5,1500,2024-04-01 15:40:00-04:00
125.49,125.54,125.47,125.54,1492,2024-04-01 15:41:00-04:00
125.56,125.57,125.54,125.55,1529,2024-04-01 15:42:00-04:00
125.565,125.605,125.565,125.575,1726,2024-04-01 15:43:00-04:00
125.57,125.6,125.57,125.6,950,2024-04-01 15:44:00-04:00
125.58,125.63,125.57,125.57,1751,2024-04-01 15:45:00-04:00
125.57,125.57,125.44,125.44,1351,2024-04-01 15:46:00-04:00
125.4,125.4,125.3,125.32,1851,2024-04-01 15:47:00-04:00
125.3,125.33,125.24,125.33,1247,2024-04-01 15:48:00-04:00
125.339,125.37,125.32,125.36,3961,2024-04-01 15:49:00-04:00
125.37,125.38,125.23,125.29,4252,2024-04-01 15:50:00-04:00
125.29,125.37,125.28,125.35,5844,2024-04-01 15:51:00-04:00
125.35,125.43,125.35,125.43,951,2024-04-01 15:52:00-04:00
125.45,125.56,125.44,125.56,1954,2024-04-01 15:53:00-04:00
125.58,125.66,125.58,125.65,3399,2024-04-01 15:54:00-04:00
125.7,125.7,125.59,125.61,2957,2024-04-01 15:55:00-04:00
125.6,125.67,125.585,125.65,2855,2024-04-01 15:56:00-04:00
125.64,125.64,125.55,125.585,2048,2024-04-01 15:57:00-04:00
125.54,125.59,125.53,125.57,6451,2024-04-01 15:58:00-04:00
125.58,125.61,125.41,125.45,8856,2024-04-01 15:59:00-04:00
125.5,125.5,125.5,125.5,100348,2024-04-01 16:00:00-04:00
125.04,125.04,125.04,125.04,100,2024-04-02 06:40:00-04:00
125.24,125.24,125.24,125.24,159,2024-04-02 06:57:00-04:00
125.09,125.09,125.09,125.09,100,2024-04-02 07:21:00-04:00
124.93,124.93,124.93,124.93,100,2024-04-02 07:46:00-04:00
124.75,124.75,124.75,124.75,100,2024-04-02 08:01:00-04:00
123.93,123.93,123.93,123.93,5670,2024-04-02 09:30:00-04:00
123.295,123.295,123.0,123.09,580,2024-04-02 09:33:00-04:00
123.24,123.4754,123.24,123.4754,1500,2024-04-02 09:35:00-04:00
122.8256,122.8256,122.8256,122.8256,150,2024-04-02 09:37:00-04:00
123.04,123.06,123.01,123.06,670,2024-04-02 09:38:00-04:00
123.1,123.1,122.89,122.96,2907,2024-04-02 09:39:00-04:00
122.96,122.96,122.69,122.71,2337,2024-04-02 09:40:00-04:00
122.93,122.96,122.75,122.96,900,2024-04-02 09:41:00-04:00
122.96,123.1652,122.96,122.96,6720,2024-04-02 09:42:00-04:00
122.955,123.09,122.95,123.055,1300,2024-04-02 09:43:00-04:00
123.055,123.13,123.025,123.05,1400,2024-04-02 09:44:00-04:00
123.025,123.025,122.89,123.01,900,2024-04-02 09:45:00-04:00
123.015,123.105,122.94,123.105,7344,2024-04-02 09:46:00-04:00
123.105,123.16,123.105,123.16,400,2024-04-02 09:47:00-04:00
123.28,123.53,123.255,123.52,1278,2024-04-02 09:48:00-04:00
123.485,123.71,123.4329,123.5523,5000,2024-04-02 09:49:00-04:00
123.26,123.26,123.185,123.185,2100,2024-04-02 09:50:00-04:00
123.15,123.15,122.99,122.99,2600,2024-04-02 09:51:00-04:00
122.99,123.18,122.975,123.055,2416,2024-04-02 09:52:00-04:00
122.99,123.165,122.99,123.165,600,2024-04-02 09:53:00-04:00
123.36,123.63,123.36,123.63,800,2024-04-02 09:54:00-04:00
123.5,123.51,123.44,123.48,600,2024-04-02 09:56:00-04:00
123.4255,123.4255,123.26,123.265,3400,2024-04-02 09:57:00-04:00
123.32,123.32,123.32,123.32,100,2024-04-02 09:58:00-04:00
123.34,123.36,123.34,123.36,265,2024-04-02 09:59:00-04:00
123.39,123.39,123.34,123.34,400,2024-04-02 10:00:00-04:00
123.27,123.275,123.27,123.275,400,2024-04-02 10:01:00-04:00
123.245,123.26,123.245,123.26,1100,2024-04-02 10:02:00-04:00
123.36,123.438,123.3,123.43,2119,2024-04-02 10:03:00-04:00
123.32,123.46,123.32,123.4256,900,2024-04-02 10:04:00-04:00
123.32,123.34,123.3,123.34,513,2024-04-02 10:05:00-04:00
123.36,123.37,123.3,123.3,300,2024-04-02 10:06:00-04:00
123.3,123.3,123.28,123.28,401,2024-04-02 10:07:00-04:00
123.26,123.32,123.24,123.315,452,2024-04-02 10:08:00-04:00
123.21,123.21,123.21,123.21,221,2024-04-02 10:09:00-04:00
123.1017,123.185,123.1017,123.185,200,2024-04-02 10:10:00-04:00
123.09,123.09,123.0,123.0,1162,2024-04-02 10:11:00-04:00
123.0,123.045,123.0,123.045,300,2024-04-02 10:12:00-04:00
123.01,123.01,122.92,122.92,986,2024-04-02 10:13:00-04:00
122.89,122.89,122.84,122.855,898,2024-04-02 10:14:00-04:00
122.805,122.8075,122.805,122.8075,400,2024-04-02 10:15:00-04:00
122.79,122.96,122.785,122.92,13818,2024-04-02 10:16:00-04:00
122.96,123.095,122.96,123.095,2770,2024-04-02 10:17:00-04:00
123.0,123.0,122.865,122.865,1643,2024-04-02 10:18:00-04:00
122.82,122.82,122.7,122.77,500,2024-04-02 10:19:00-04:00
122.77,122.99,122.73,122.88,11812,2024-04-02 10:20:00-04:00
122.88,123.0275,122.88,123.0275,2661,2024-04-02 10:21:00-04:00
123.12,123.14,123.08,123.08,416,2024-04-02 10:22:00-04:00
123.09,123.23,123.05,123.23,801,2024-04-02 10:23:00-04:00
123.17,123.19,123.145,123.145,400,2024-04-02 10:24:00-04:00
123.14,123.21,123.14,123.21,600,2024-04-02 10:25:00-04:00
123.21,123.34,123.21,123.295,1010,2024-04-02 10:26:00-04:00
123.295,123.295,123.19,123.19,800,2024-04-02 10:27:00-04:00
123.14,123.14,123.14,123.14,100,2024-04-02 10:28:00-04:00
123.155,123.28,123.155,123.2623,2762,2024-04-02 10:30:00-04:00
123.33,123.38,123.31,123.31,1603,2024-04-02 10:31:00-04:00
123.285,123.285,123.285,123.285,100,2024-04-02 10:32:00-04:00
123.2825,123.285,123.2825,123.285,200,2024-04-02 10:33:00-04:00
123.24,123.27,123.24,123.24,1170,2024-04-02 10:34:00-04:00
123.255,123.37,123.255,123.37,1800,2024-04-02 10:35:00-04:00
123.31,123.34,123.24,123.285,1210,2024-04-02 10:36:00-04:00
123.3109,123.54,123.29,123.54,5781,2024-04-02 10:38:00-04:00
123.5,123.6056,123.5,123.6056,2617,2024-04-02 10:39:00-04:00
123.66,123.79,123.655,123.79,900,2024-04-02 10:40:00-04:00
123.71,123.76,123.705,123.75,4713,2024-04-02 10:41:00-04:00
123.755,123.83,123.755,123.795,800,2024-04-02 10:42:00-04:00
123.79,123.9,123.79,123.845,800,2024-04-02 10:43:00-04:00
123.845,123.845,123.835,123.835,603,2024-04-02 10:44:00-04:00
123.89,123.89,123.79,123.82,762,2024-04-02 10:45:00-04:00
123.8,123.805,123.8,123.805,300,2024-04-02 10:46:00-04:00
123.8,123.82,123.77,123.82,3584,2024-04-02 10:47:00-04:00
123.81,123.85,123.76,123.8,1600,2024-04-02 10:48:00-04:00
123.81,123.94,123.81,123.94,1000,2024-04-02 10:49:00-04:00
123.915,123.915,123.915,123.915,100,2024-04-02 10:50:00-04:00
123.98,123.98,123.98,123.98,200,2024-04-02 10:51:00-04:00
124.07,124.12,124.07,124.12,300,2024-04-02 10:53:00-04:00
123.98,123.98,123.98,123.98,100,2024-04-02 10:55:00-04:00
123.86,123.965,123.86,123.965,900,2024-04-02 10:56:00-04:00
124.01,124.05,124.01,124.05,300,2024-04-02 10:58:00-04:00
124.19,124.19,124.19,124.19,145,2024-04-02 10:59:00-04:00
124.175,124.225,124.175,124.22,3700,2024-04-02 11:00:00-04:00
124.23,124.295,124.23,124.295,600,2024-04-02 11:01:00-04:00
124.33,124.335,124.28,124.3,400,2024-04-02 11:02:00-04:00
124.31,124.51,124.295,124.365,7247,2024-04-02 11:03:00-04:00
124.27,124.27,124.1301,124.185,473,2024-04-02 11:04:00-04:00
124.175,124.2,124.165,124.165,400,2024-04-02 11:05:00-04:00
124.21,124.3299,124.21,124.27,400,2024-04-02 11:06:00-04:00
124.255,124.33,124.255,124.33,501,2024-04-02 11:07:00-04:00
124.3,124.3,124.225,124.23,800,2024-04-02 11:08:00-04:00
124.24,124.24,124.1801,124.22,5240,2024-04-02 11:10:00-04:00
124.23,124.3,124.23,124.3,1524,2024-04-02 11:11:00-04:00
124.27,124.27,124.27,124.27,200,2024-04-02 11:12:00-04:00
124.25,124.25,124.25,124.25,491,2024-04-02 11:13:00-04:00
124.26,124.26,124.17,124.19,2125,2024-04-02 11:14:00-04:00
124.19,124.29,124.19,124.27,2001,2024-04-02 11:15:00-04:00
124.25,124.31,124.25,124.31,300,2024-04-02 11:16:00-04:00
124.42,124.42,124.42,124.42,100,2024-04-02 11:17:00-04:00
124.4,124.475,124.4,124.475,1100,2024-04-02 11:18:00-04:00
124.36,124.36,124.36,124.36,100,2024-04-02 11:19:00-04:00
124.345,124.425,124.345,124.42,700,2024-04-02 11:20:00-04:00
124.4525,124.4525,124.4,124.4,600,2024-04-02 11:21:00-04:00
124.4,124.48,124.4,124.48,500,2024-04-02 11:22:00-04:00
124.56,124.56,124.55,124.55,400,2024-04-02 11:24:00-04:00
124.55,124.57,124.55,124.57,315,2024-04-02 11:25:00-04:00
124.59,124.68,124.59,124.6003,667,2024-04-02 11:27:00-04:00
124.6,124.6,124.53,124.53,900,2024-04-02 11:28:00-04:00
124.51,124.56,124.51,124.56,3025,2024-04-02 11:29:00-04:00
124.53,124.53,124.53,124.53,300,2024-04-02 11:30:00-04:00
124.53,124.53,124.46,124.51,1400,2024-04-02 11:31:00-04:00
124.5,124.5,124.45,124.46,1800,2024-04-02 11:32:00-04:00
124.46,124.46,124.38,124.39,1205,2024-04-02 11:33:00-04:00
124.35,124.39,124.35,124.35,700,2024-04-02 11:34:00-04:00
124.38,124.39,124.34,124.34,1097,2024-04-02 11:35:00-04:00
124.25,124.25,124.25,124.25,100,2024-04-02 11:36:00-04:00
124.206,124.295,124.206,124.2505,3627,2024-04-02 11:37:00-04:00
124.1459,124.1459,124.1459,124.1459,112,2024-04-02 11:38:00-04:00
124.14,124.16,124.08,124.16,810,2024-04-02 11:39:00-04:00
124.15,124.15,124.15,124.15,100,2024-04-02 11:40:00-04:00
124.15,124.15,124.15,124.15,100,2024-04-02 11:41:00-04:00
124.18,124.21,124.18,124.21,200,2024-04-02 11:42:00-04:00
124.22,124.25,124.22,124.25,400,2024-04-02 11:43:00-04:00
124.17,124.17,124.15,124.15,500,2024-04-02 11:44:00-04:00
124.145,124.145,124.145,124.145,104,2024-04-02 11:45:00-04:00
124.08,124.08,124.0447,124.0447,713,2024-04-02 11:48:00-04:00
124.08,124.08,124.08,124.08,400,2024-04-02 11:49:00-04:00
124.05,124.05,124.01,124.01,1100,2024-04-02 11:50:00-04:00
124.01,124.02,123.97,123.9775,1201,2024-04-02 11:51:00-04:00
123.92,123.92,123.91,123.92,550,2024-04-02 11:52:00-04:00
123.9475,123.9475,123.82,123.82,1004,2024-04-02 11:53:00-04:00
123.78,123.86,123.73,123.86,1172,2024-04-02 11:54:00-04:00
123.9,123.95,123.9,123.91,1047,2024-04-02 11:55:00-04:00
123.9175,123.97,123.9175,123.95,700,2024-04-02 11:56:00-04:00
123.91,123.91,123.91,123.91,200,2024-04-02 11:57:00-04:00
123.93,123.93,123.89,123.89,200,2024-04-02 11:58:00-04:00
123.87,123.9168,123.86,123.89,2373,2024-04-02 11:59:00-04:00
123.86,123.86,123.84,123.85,400,2024-04-02 12:00:00-04:00
123.84,123.84,123.84,123.84,100,2024-04-02 12:01:00-04:00
123.83,123.91,123.83,123.91,512,2024-04-02 12:02:00-04:00
123.87,123.955,123.87,123.955,1870,2024-04-02 12:03:00-04:00
123.98,124.01,123.98,124.0,726,2024-04-02 12:04:00-04:00
124.07,124.07,124.07,124.07,197,2024-04-02 12:06:00-04:00
123.98,123.98,123.98,123.98,100,2024-04-02 12:07:00-04:00
123.94,123.945,123.94,123.945,470,2024-04-02 12:10:00-04:00
123.93,123.93,123.82,123.82,500,2024-04-02 12:11:00-04:00
123.8,123.8,123.8,123.8,400,2024-04-02 12:12:00-04:00
123.73,123.76,123.73,123.76,300,2024-04-02 12:14:00-04:00
123.72,123.72,123.72,123.72,100,2024-04-02 12:15:00-04:00
123.74,123.74,123.74,123.74,300,2024-04-02 12:16:00-04:00
123.78,123.79,123.78,123.79,200,2024-04-02 12:18:00-04:00
123.83,123.83,123.83,123.83,200,2024-04-02 12:19:00-04:00
123.74,123.74,123.74,123.74,100,2024-04-02 12:20:00-04:00
123.735,123.735,123.735,123.735,100,2024-04-02 12:21:00-04:00
123.76,123.83,123.76,123.83,900,2024-04-02 12:22:00-04:00
123.86,123.87,123.834,123.87,900,2024-04-02 12:23:00-04:00
123.85,123.86,123.85,123.86,396,2024-04-02 12:24:00-04:00
123.795,123.795,123.795,123.795,100,2024-04-02 12:27:00-04:00
123.67,123.67,123.64,123.64,400,2024-04-02 12:30:00-04:00
123.64,123.64,123.635,123.635,250,2024-04-02 12:31:00-04:00
123.685,123.69,123.68,123.68,1300,2024-04-02 12:32:00-04:00
123.78,123.78,123.78,123.78,800,2024-04-02 12:33:00-04:00
123.775,123.775,123.775,123.775,593,2024-04-02 12:34:00-04:00
123.75,123.76,123.75,123.76,300,2024-04-02 12:36:00-04:00
123.77,123.865,123.77,123.865,772,2024-04-02 12:37:00-04:00
123.83,123.83,123.8,123.825,700,2024-04-02 12:38:00-04:00
123.83,123.83,123.83,123.83,200,2024-04-02 12:39:00-04:00
123.82,123.82,123.8,123.8,500,2024-04-02 12:40:00-04:00
123.77,123.77,123.77,123.77,100,2024-04-02 12:41:00-04:00
123.765,123.765,123.765,123.765,100,2024-04-02 12:42:00-04:00
123.73,123.75,123.73,123.75,1900,2024-04-02 12:44:00-04:00
123.79,123.79,123.79,123.79,200,2024-04-02 12:45:00-04:00
123.79,123.8,123.79,123.8,500,2024-04-02 12:46:00-04:00
123.84,123.84,123.84,123.84,100,2024-04-02 12:47:00-04:00
123.82,123.835,123.82,123.835,200,2024-04-02 12:48:00-04:00
123.87,123.89,123.865,123.89,502,2024-04-02 12:49:00-04:00
123.91,123.91,123.8,123.8,300,2024-04-02 12:50:00-04:00
123.73,123.73,123.71,123.73,1100,2024-04-02 12:53:00-04:00
123.79,123.79,123.79,123.79,200,2024-04-02 12:55:00-04:00
123.71,123.71,123.7,123.7,300,2024-04-02 12:56:00-04:00
123.7,123.7,123.7,123.7,212,2024-04-02 12:57:00-04:00
123.74,123.74,123.71,123.73,905,2024-04-02 12:59:00-04:00
123.71,123.72,123.705,123.72,600,2024-04-02 13:01:00-04:00
123.73,123.73,123.73,123.73,200,2024-04-02 13:02:00-04:00
123.715,123.715,123.715,123.715,100,2024-04-02 13:03:00-04:00
123.715,123.715,123.715,123.715,100,2024-04-02 13:04:00-04:00
123.74,123.74,123.74,123.74,100,2024-04-02 13:05:00-04:00
123.7575,123.7575,123.7575,123.7575,100,2024-04-02 13:07:00-04:00
123.76,123.76,123.67,123.67,598,2024-04-02 13:08:00-04:00
123.58,123.59,123.57,123.57,600,2024-04-02 13:09:00-04:00
123.53,123.55,123.52,123.55,672,2024-04-02 13:11:00-04:00
123.52,123.52,123.49,123.49,400,2024-04-02 13:12:00-04:00
123.52,123.59,123.52,123.59,200,2024-04-02 13:13:00-04:00
123.535,123.535,123.46,123.46,300,2024-04-02 13:18:00-04:00
123.45,123.48,123.41,123.48,1446,2024-04-02 13:19:00-04:00
123.42,123.425,123.41,123.425,359,2024-04-02 13:20:00-04:00
123.385,123.41,123.38,123.4,400,2024-04-02 13:21:00-04:00
123.38,123.38,123.38,123.38,100,2024-04-02 13:22:00-04:00
123.33,123.33,123.33,123.33,100,2024-04-02 13:23:00-04:00
123.32,123.38,123.31,123.38,1078,2024-04-02 13:24:00-04:00
123.37,123.37,123.37,123.37,300,2024-04-02 13:25:00-04:00
123.35,123.35,123.35,123.35,100,2024-04-02 13:26:00-04:00
123.26,123.26,123.26,123.26,300,2024-04-02 13:28:00-04:00
123.22,123.24,123.215,123.22,745,2024-04-02 13:30:00-04:00
123.27,123.28,123.27,123.28,400,2024-04-02 13:31:00-04:00
123.2392,123.2392,123.2392,123.2392,225,2024-04-02 13:32:00-04:00
123.15,123.15,123.15,123.15,300,2024-04-02 13:33:00-04:00
123.18,123.18,123.18,123.18,100,2024-04-02 13:34:00-04:00
123.185,123.185,123.14,123.14,397,2024-04-02 13:35:00-04:00
123.1339,123.21,123.1339,123.21,641,2024-04-02 13:36:00-04:00
123.2193,123.25,123.2193,123.25,524,2024-04-02 13:37:00-04:00
123.2,123.2,123.1,123.12,564,2024-04-02 13:38:00-04:00
123.12,123.12,123.11,123.11,200,2024-04-02 13:39:00-04:00
123.06,123.06,123.06,123.06,242,2024-04-02 13:41:00-04:00
123.12,123.12,123.12,123.12,231,2024-04-02 13:42:00-04:00
123.192,123.192,123.15,123.1741,1134,2024-04-02 13:43:00-04:00
123.18,123.19,123.18,123.19,200,2024-04-02 13:44:00-04:00
123.26,123.26,123.2,123.2,900,2024-04-02 13:45:00-04:00
123.16,123.1718,123.12,123.12,1189,2024-04-02 13:46:00-04:00
123.15,123.15,123.15,123.15,100,2024-04-02 13:47:00-04:00
123.17,123.18,123.16,123.18,300,2024-04-02 13:48:00-04:00
123.22,123.255,123.22,123.255,320,2024-04-02 13:49:00-04:00
123.26,123.33,123.26,123.33,400,2024-04-02 13:50:00-04:00
123.3,123.3,123.3,123.3,100,2024-04-02 13:52:00-04:00
123.29,123.29,123.29,123.29,100,2024-04-02 13:53:00-04:00
123.28,123.29,123.25,123.29,647,2024-04-02 13:54:00-04:00
123.32,123.365,123.32,123.365,200,2024-04-02 13:55:00-04:00
123.405,123.46,123.405,123.43,425,2024-04-02 13:57:00-04:00
123.445,123.4548,123.39,123.39,400,2024-04-02 13:58:00-04:00
123.39,123.39,123.31,123.325,1002,2024-04-02 13:59:00-04:00
123.32,123.34,123.3,123.325,400,2024-04-02 14:00:00-04:00
123.36,123.36,123.36,123.36,100,2024-04-02 14:01:00-04:00
123.4,123.4,123.4,123.4,300,2024-04-02 14:03:00-04:00
123.4,123.5,123.4,123.44,1090,2024-04-02 14:04:00-04:00
123.46,123.46,123.455,123.455,200,2024-04-02 14:05:00-04:00
123.445,123.46,123.445,123.46,300,2024-04-02 14:06:00-04:00
123.39,123.39,123.39,123.39,100,2024-04-02 14:07:00-04:00
123.38,123.4699,123.38,123.39,1800,2024-04-02 14:08:00-04:00
123.34,123.42,123.34,123.42,475,2024-04-02 14:09:00-04:00
123.42,123.47,123.42,123.47,1555,2024-04-02 14:11:00-04:00
123.5,123.53,123.5,123.53,205,2024-04-02 14:12:00-04:00
123.52,123.54,123.51,123.515,1335,2024-04-02 14:13:00-04:00
123.4849,123.49,123.465,123.49,500,2024-04-02 14:14:00-04:00
123.485,123.485,123.485,123.485,100,2024-04-02 14:15:00-04:00
123.52,123.52,123.52,123.52,500,2024-04-02 14:16:00-04:00
123.54,123.54,123.54,123.54,100,2024-04-02 14:17:00-04:00
123.5,123.5,123.48,123.48,743,2024-04-02 14:18:00-04:00
123.61,123.61,123.61,123.61,100,2024-04-02 14:19:00-04:00
123.55,123.55,123.55,123.55,100,2024-04-02 14:20:00-04:00
123.54,123.57,123.53,123.57,700,2024-04-02 14:21:00-04:00
123.52,123.52,123.51,123.51,200,2024-04-02 14:22:00-04:00
123.54,123.54,123.54,123.54,100,2024-04-02 14:23:00-04:00
123.58,123.58,123.58,123.58,100,2024-04-02 14:24:00-04:00
123.635,123.635,123.635,123.635,100,2024-04-02 14:25:00-04:00
123.61,123.65,123.61,123.65,483,2024-04-02 14:27:00-04:00
123.5952,123.5952,123.5914,123.5914,734,2024-04-02 14:28:00-04:00
123.59,123.59,123.525,123.525,900,2024-04-02 14:29:00-04:00
123.5,123.5,123.495,123.495,200,2024-04-02 14:30:00-04:00
123.515,123.62,123.515,123.62,800,2024-04-02 14:31:00-04:00
123.535,123.535,123.535,123.535,100,2024-04-02 14:33:00-04:00
123.54,123.58,123.54,123.58,483,2024-04-02 14:34:00-04:00
123.55,123.58,123.55,123.58,201,2024-04-02 14:35:00-04:00
123.61,123.61,123.585,123.585,264,2024-04-02 14:36:00-04:00
123.575,123.575,123.54,123.54,1400,2024-04-02 14:38:00-04:00
123.49,123.49,123.49,123.49,300,2024-04-02 14:39:00-04:00
123.51,123.53,123.51,123.525,600,2024-04-02 14:40:00-04:00
123.54,123.55,123.53,123.55,616,2024-04-02 14:41:00-04:00
123.49,123.49,123.46,123.48,472,2024-04-02 14:42:00-04:00
123.435,123.435,123.435,123.435,100,2024-04-02 14:44:00-04:00
123.43,123.435,123.37,123.37,500,2024-04-02 14:45:00-04:00
123.35,123.39,123.35,123.38,851,2024-04-02 14:46:00-04:00
123.375,123.41,123.375,123.38,842,2024-04-02 14:48:00-04:00
123.43,123.445,123.43,123.445,601,2024-04-02 14:51:00-04:00
123.435,123.435,123.43,123.43,301,2024-04-02 14:52:00-04:00
123.37,123.37,123.32,123.32,300,2024-04-02 14:53:00-04:00
123.245,123.3,123.245,123.3,803,2024-04-02 14:56:00-04:00
123.265,123.265,123.18,123.18,600,2024-04-02 14:57:00-04:00
123.16,123.16,123.16,123.16,100,2024-04-02 14:58:00-04:00
123.14,123.18,123.14,123.18,610,2024-04-02 14:59:00-04:00
123.17,123.18,123.08,123.11,2111,2024-04-02 15:00:00-04:00
123.1,123.16,123.1,123.16,600,2024-04-02 15:01:00-04:00
123.12,123.19,123.12,123.19,390,2024-04-02 15:02:00-04:00
123.22,123.22,123.21,123.21,200,2024-04-02 15:03:00-04:00
123.2,123.2,123.2,123.2,100,2024-04-02 15:04:00-04:00
123.27,123.315,123.27,123.315,300,2024-04-02 15:05:00-04:00
123.28,123.33,123.28,123.33,704,2024-04-02 15:06:00-04:00
123.252,123.252,123.252,123.252,100,2024-04-02 15:07:00-04:00
123.27,123.27,123.215,123.23,1281,2024-04-02 15:08:00-04:00
123.195,123.23,123.195,123.23,1201,2024-04-02 15:10:00-04:00
123.225,123.25,123.225,123.23,700,2024-04-02 15:11:00-04:00
123.24,123.24,123.22,123.22,200,2024-04-02 15:12:00-04:00
123.15,123.21,123.15,123.21,832,2024-04-02 15:13:00-04:00
123.185,123.185,123.185,123.185,100,2024-04-02 15:14:00-04:00
123.16,123.23,123.16,123.225,604,2024-04-02 15:15:00-04:00
123.225,123.285,123.225,123.285,500,2024-04-02 15:16:00-04:00
123.26,123.26,123.22,123.22,400,2024-04-02 15:17:00-04:00
123.22,123.24,123.22,123.24,394,2024-04-02 15:18:00-04:00
123.22,123.22,123.22,123.22,114,2024-04-02 15:19:00-04:00
123.235,123.365,123.235,123.365,929,2024-04-02 15:20:00-04:00
123.4,123.415,123.4,123.41,500,2024-04-02 15:21:00-04:00
123.41,123.41,123.41,123.41,200,2024-04-02 15:22:00-04:00
123.4,123.415,123.4,123.415,448,2024-04-02 15:23:00-04:00
123.46,123.505,123.45,123.505,608,2024-04-02 15:24:00-04:00
123.535,123.535,123.5,123.515,701,2024-04-02 15:25:00-04:00
123.56,123.62,123.56,123.62,627,2024-04-02 15:26:00-04:00
123.61,123.63,123.55,123.63,2955,2024-04-02 15:27:00-04:00
123.615,123.615,123.615,123.615,100,2024-04-02 15:28:00-04:00
123.63,123.63,123.63,123.63,100,2024-04-02 15:29:00-04:00
123.595,123.61,123.595,123.61,200,2024-04-02 15:30:00-04:00
123.59,123.5975,123.57,123.57,906,2024-04-02 15:31:00-04:00
123.58,123.6,123.54,123.58,1000,2024-04-02 15:32:00-04:00
123.62,123.66,123.61,123.6175,973,2024-04-02 15:33:00-04:00
123.595,123.62,123.595,123.62,300,2024-04-02 15:34:00-04:00
123.63,123.68,123.62,123.68,500,2024-04-02 15:35:00-04:00
123.735,123.76,123.735,123.745,400,2024-04-02 15:36:00-04:00
123.795,123.8,123.79,123.7975,500,2024-04-02 15:37:00-04:00
123.81,123.96,123.7975,123.91,2846,2024-04-02 15:38:00-04:00
124.0,124.0,124.0,124.0,100,2024-04-02 15:39:00-04:00
124.05,124.05,123.98,123.98,900,2024-04-02 15:40:00-04:00
123.97,124.1,123.97,124.04,1389,2024-04-02 15:41:00-04:00
124.01,124.0329,123.98,123.98,414,2024-04-02 15:42:00-04:00
123.955,124.0,123.955,124.0,525,2024-04-02 15:43:00-04:00
124.07,124.07,124.05,124.06,619,2024-04-02 15:44:00-04:00
124.09,124.09,123.99,123.99,1484,2024-04-02 15:45:00-04:00
123.9625,123.9625,123.839,123.88,3606,2024-04-02 15:46:00-04:00
123.93,123.93,123.87,123.87,1049,2024-04-02 15:47:00-04:00
123.82,123.83,123.74,123.83,529,2024-04-02 15:48:00-04:00
123.86,123.88,123.78,123.82,2028,2024-04-02 15:49:00-04:00
123.79,123.9,123.76,123.88,3617,2024-04-02 15:50:00-04:00
123.98,124.05,123.98,124.05,1215,2024-04-02 15:51:00-04:00
124.045,124.045,123.85,123.85,3534,2024-04-02 15:52:00-04:00
123.85,123.93,123.85,123.88,1462,2024-04-02 15:53:00-04:00
123.91,124.0,123.91,123.995,1585,2024-04-02 15:54:00-04:00
124.01,124.1,123.935,123.95,4498,2024-04-02 15:55:00-04:00
123.95,124.02,123.95,123.975,4562,2024-04-02 15:56:00-04:00
123.98,124.02,123.95,124.005,3287,2024-04-02 15:57:00-04:00
123.99,123.99,123.92,123.95,7425,2024-04-02 15:58:00-04:00
123.98,124.03,123.9,123.97,19040,2024-04-02 15:59:00-04:00
123.97,123.97,123.97,123.97,136543,2024-04-02 16:00:00-04:00
123.97,123.97,123.97,123.97,9566,2024-04-02 16:04:00-04:00
123.97,123.97,123.97,123.97,132,2024-04-02 16:20:00-04:00
123.97,123.97,123.97,123.97,682,2024-04-02 16:25:00-04:00
123.82,123.82,123.53,123.53,9298,2024-04-03 09:30:00-04:00
123.39,123.465,123.38,123.46,500,2024-04-03 09:31:00-04:00
123.76,123.76,123.485,123.485,800,2024-04-03 09:32:00-04:00
123.505,123.61,123.505,123.595,500,2024-04-03 09:33:00-04:00
123.445,123.445,123.445,123.445,100,2024-04-03 09:34:00-04:00
123.32,123.35,123.16,123.175,600,2024-04-03 09:35:00-04:00
123.38,123.41,123.37,123.37,300,2024-04-03 09:36:00-04:00
123.36,123.36,123.33,123.33,4160,2024-04-03 09:37:00-04:00
123.34,123.62,123.34,123.35,2300,2024-04-03 09:38:00-04:00
123.74,123.75,123.45,123.45,1924,2024-04-03 09:39:00-04:00
123.425,123.425,123.38,123.38,439,2024-04-03 09:40:00-04:00
123.385,123.385,123.385,123.385,500,2024-04-03 09:41:00-04:00
123.05,123.05,123.05,123.05,266,2024-04-03 09:42:00-04:00
123.235,123.235,123.235,123.235,100,2024-04-03 09:43:00-04:00
123.205,123.35,123.205,123.35,3590,2024-04-03 09:45:00-04:00
123.41,123.415,123.22,123.25,1400,2024-04-03 09:46:00-04:00
123.14,123.285,123.14,123.23,676,2024-04-03 09:47:00-04:00
122.96,123.0,122.96,123.0,200,2024-04-03 09:48:00-04:00
122.91,122.91,122.91,122.91,100,2024-04-03 09:51:00-04:00
122.71,122.71,122.71,122.71,300,2024-04-03 09:52:00-04:00
122.59,122.65,122.5,122.5,3423,2024-04-03 09:53:00-04:00
122.4,122.55,122.4,122.5,900,2024-04-03 09:54:00-04:00
122.4,122.535,122.38,122.38,2707,2024-04-03 09:55:00-04:00
122.35,122.43,122.35,122.38,2342,2024-04-03 09:56:00-04:00
122.4,122.55,122.4,122.55,300,2024-04-03 09:57:00-04:00
122.52,122.52,122.52,122.52,200,2024-04-03 09:59:00-04:00
122.61,122.7,122.61,122.7,262,2024-04-03 10:00:00-04:00
123.005,123.005,123.005,123.005,100,2024-04-03 10:01:00-04:00
123.3,123.36,123.3,123.36,772,2024-04-03 10:02:00-04:00
123.36,123.36,123.31,123.31,301,2024-04-03 10:03:00-04:00
123.3,123.46,123.3,123.325,6766,2024-04-03 10:04:00-04:00
123.445,123.445,123.43,123.43,700,2024-04-03 10:05:00-04:00
123.37,123.46,123.37,123.46,200,2024-04-03 10:06:00-04:00
123.465,123.59,123.465,123.555,400,2024-04-03 10:07:00-04:00
123.61,123.61,123.61,123.61,200,2024-04-03 10:08:00-04:00
123.53,123.59,123.53,123.59,311,2024-04-03 10:09:00-04:00
123.59,123.625,123.59,123.625,400,2024-04-03 10:10:00-04:00
123.52,123.6,123.2901,123.2901,4604,2024-04-03 10:11:00-04:00
123.67,123.67,123.66,123.66,300,2024-04-03 10:14:00-04:00
123.765,123.765,123.765,123.765,200,2024-04-03 10:16:00-04:00
123.64,123.65,123.49,123.64,2476,2024-04-03 10:17:00-04:00
123.44,123.44,123.44,123.44,606,2024-04-03 10:18:00-04:00
123.67,123.77,123.636,123.636,2200,2024-04-03 10:19:00-04:00
123.58,123.58,123.58,123.58,100,2024-04-03 10:20:00-04:00
123.71,123.715,123.71,123.715,200,2024-04-03 10:22:00-04:00
123.68,123.68,123.68,123.68,100,2024-04-03 10:26:00-04:00
123.65,123.65,123.45,123.5168,3135,2024-04-03 10:27:00-04:00
123.41,123.425,123.4,123.425,600,2024-04-03 10:28:00-04:00
123.45,123.45,123.44,123.44,200,2024-04-03 10:30:00-04:00
123.46,123.46,123.39,123.39,300,2024-04-03 10:32:00-04:00
123.4,123.52,123.4,123.4,2166,2024-04-03 10:33:00-04:00
123.29,123.29,123.29,123.29,130,2024-04-03 10:34:00-04:00
123.29,123.34,123.23,123.302,900,2024-04-03 10:35:00-04:00
123.41,123.41,123.335,123.335,203,2024-04-03 10:36:00-04:00
123.34,123.41,123.24,123.24,935,2024-04-03 10:37:00-04:00
123.24,123.37,123.19,123.19,662,2024-04-03 10:38:00-04:00
123.24,123.24,123.24,123.24,100,2024-04-03 10:39:00-04:00
123.25,123.34,123.15,123.34,300,2024-04-03 10:40:00-04:00
123.255,123.255,123.255,123.255,100,2024-04-03 10:41:00-04:00
123.25,123.25,123.25,123.25,200,2024-04-03 10:42:00-04:00
123.19,123.25,123.19,123.25,200,2024-04-03 10:43:00-04:00
123.19,123.19,123.07,123.07,852,2024-04-03 10:44:00-04:00
123.22,123.24,123.22,123.24,409,2024-04-03 10:45:00-04:00
123.28,123.42,123.28,123.42,600,2024-04-03 10:46:00-04:00
123.4017,123.47,123.39,123.465,976,2024-04-03 10:47:00-04:00
123.46,123.46,123.46,123.46,200,2024-04-03 10:48:00-04:00
123.475,123.475,123.475,123.475,100,2024-04-03 10:49:00-04:00
123.38,123.38,123.38,123.38,245,2024-04-03 10:50:00-04:00
123.32,123.32,123.32,123.32,1000,2024-04-03 10:52:00-04:00
123.25,123.28,123.25,123.28,510,2024-04-03 10:53:00-04:00
123.28,123.335,123.27,123.335,702,2024-04-03 10:54:00-04:00
123.27,123.335,123.27,123.335,400,2024-04-03 10:55:00-04:00
123.28,123.28,123.25,123.25,310,2024-04-03 10:57:00-04:00
123.2,123.21,123.19,123.21,402,2024-04-03 10:58:00-04:00
123.11,123.21,123.11,123.1123,864,2024-04-03 10:59:00-04:00
123.03,123.03,123.03,123.03,100,2024-04-03 11:00:00-04:00
123.09,123.09,123.09,123.09,100,2024-04-03 11:01:00-04:00
123.1723,123.2199,123.135,123.135,559,2024-04-03 11:04:00-04:00
123.115,123.115,123.115,123.115,100,2024-04-03 11:09:00-04:00
123.18,123.22,123.18,123.22,513,2024-04-03 11:10:00-04:00
123.275,123.28,123.2,123.2,300,2024-04-03 11:11:00-04:00
123.19,123.19,123.19,123.19,235,2024-04-03 11:12:00-04:00
123.28,123.28,123.28,123.28,100,2024-04-03 11:13:00-04:00
123.189,123.189,123.189,123.189,101,2024-04-03 11:14:00-04:00
123.16,123.16,123.16,123.16,100,2024-04-03 11:15:00-04:00
123.155,123.155,123.11,123.155,500,2024-04-03 11:16:00-04:00
123.22,123.22,123.22,123.22,200,2024-04-03 11:17:00-04:00
123.19,123.19,123.19,123.19,300,2024-04-03 11:18:00-04:00
123.25,123.265,123.25,123.25,503,2024-04-03 11:20:00-04:00
123.28,123.28,123.28,123.28,100,2024-04-03 11:22:00-04:00
123.345,123.345,123.345,123.345,100,2024-04-03 11:23:00-04:00
123.34,123.34,123.34,123.34,100,2024-04-03 11:24:00-04:00
123.32,123.32,123.28,123.28,324,2024-04-03 11:25:00-04:00
123.305,123.37,123.18,123.18,1708,2024-04-03 11:27:00-04:00
123.225,123.24,123.17,123.17,600,2024-04-03 11:28:00-04:00
123.17,123.17,123.17,123.17,400,2024-04-03 11:29:00-04:00
123.0737,123.0737,123.0737,123.0737,214,2024-04-03 11:32:00-04:00
123.01,123.01,123.01,123.01,100,2024-04-03 11:33:00-04:00
123.02,123.075,123.02,123.0575,401,2024-04-03 11:34:00-04:00
123.02,123.02,123.02,123.02,181,2024-04-03 11:35:00-04:00
123.07,123.08,123.07,123.08,300,2024-04-03 11:36:00-04:00
123.14,123.21,123.07,123.14,1603,2024-04-03 11:38:00-04:00
123.18,123.18,123.14,123.14,600,2024-04-03 11:39:00-04:00
123.16,123.16,123.13,123.13,300,2024-04-03 11:40:00-04:00
123.18,123.195,123.18,123.195,201,2024-04-03 11:41:00-04:00
123.21,123.255,123.21,123.255,200,2024-04-03 11:42:00-04:00
123.19,123.2,123.18,123.18,1274,2024-04-03 11:43:00-04:00
123.11,123.11,123.11,123.11,100,2024-04-03 11:45:00-04:00
123.1,123.13,123.1,123.13,200,2024-04-03 11:47:00-04:00
123.01,123.085,123.01,123.085,200,2024-04-03 11:48:00-04:00
123.07,123.07,123.07,123.07,100,2024-04-03 11:49:00-04:00
123.11,123.17,123.09,123.145,1000,2024-04-03 11:50:00-04:00
123.19,123.19,123.15,123.15,200,2024-04-03 11:51:00-04:00
123.155,123.155,123.155,123.155,100,2024-04-03 11:52:00-04:00
123.19,123.19,123.16,123.16,252,2024-04-03 11:53:00-04:00
123.16,123.23,123.16,123.2,1267,2024-04-03 11:54:00-04:00
123.25,123.25,123.19,123.19,200,2024-04-03 11:55:00-04:00
123.185,123.185,123.185,123.185,100,2024-04-03 11:56:00-04:00
123.25,123.25,123.1873,123.1873,239,2024-04-03 11:57:00-04:00
123.24,123.25,123.2051,123.25,530,2024-04-03 11:58:00-04:00
123.28,123.29,123.1892,123.29,673,2024-04-03 12:02:00-04:00
123.31,123.31,123.28,123.28,200,2024-04-03 12:03:00-04:00
123.34,123.38,123.34,123.375,332,2024-04-03 12:05:00-04:00
123.43,123.55,123.43,123.55,200,2024-04-03 12:06:00-04:00
123.61,123.61,123.61,123.61,100,2024-04-03 12:08:00-04:00
123.52,123.61,123.52,123.61,300,2024-04-03 12:09:00-04:00
123.72,123.73,123.61,123.61,300,2024-04-03 12:10:00-04:00
123.535,123.535,123.535,123.535,100,2024-04-03 12:14:00-04:00
123.53,123.53,123.435,123.435,716,2024-04-03 12:15:00-04:00
123.5,123.5,123.5,123.5,207,2024-04-03 12:16:00-04:00
123.65,123.73,123.65,123.73,300,2024-04-03 12:18:00-04:00
123.715,123.715,123.715,123.715,600,2024-04-03 12:19:00-04:00
123.7773,123.7773,123.69,123.69,200,2024-04-03 12:20:00-04:00
123.735,123.82,123.735,123.735,1475,2024-04-03 12:21:00-04:00
123.83,123.83,123.83,123.83,127,2024-04-03 12:22:00-04:00
123.83,123.83,123.83,123.83,200,2024-04-03 12:23:00-04:00
123.86,123.9722,123.8201,123.8201,932,2024-04-03 12:25:00-04:00
123.81,123.81,123.81,123.81,100,2024-04-03 12:26:00-04:00
123.92,123.93,123.92,123.93,300,2024-04-03 12:27:00-04:00
123.91,123.98,123.91,123.98,400,2024-04-03 12:28:00-04:00
123.965,123.965,123.965,123.965,100,2024-04-03 12:31:00-04:00
123.96,123.96,123.94,123.96,301,2024-04-03 12:35:00-04:00
123.9,123.9,123.87,123.87,300,2024-04-03 12:36:00-04:00
123.83,123.83,123.78,123.78,300,2024-04-03 12:37:00-04:00
123.72,123.77,123.69,123.69,508,2024-04-03 12:38:00-04:00
123.605,123.605,123.605,123.605,100,2024-04-03 12:39:00-04:00
123.595,123.7,123.595,123.7,500,2024-04-03 12:40:00-04:00
123.605,123.605,123.605,123.605,100,2024-04-03 12:43:00-04:00
123.675,123.74,123.675,123.74,200,2024-04-03 12:45:00-04:00
123.7495,123.7495,123.535,123.535,3346,2024-04-03 12:46:00-04:00
123.57,123.575,123.57,123.575,965,2024-04-03 12:47:00-04:00
123.6187,123.6187,123.6187,123.6187,275,2024-04-03 12:48:00-04:00
123.62,123.62,123.56,123.56,700,2024-04-03 12:49:00-04:00
123.57,123.57,123.57,123.57,100,2024-04-03 12:50:00-04:00
123.58,123.625,123.57,123.625,300,2024-04-03 12:52:00-04:00
123.625,123.745,123.625,123.745,1205,2024-04-03 12:53:00-04:00
123.725,123.725,123.725,123.725,400,2024-04-03 12:54:00-04:00
123.7849,123.83,123.75,123.755,1451,2024-04-03 12:55:00-04:00
123.77,123.85,123.77,123.85,500,2024-04-03 12:56:00-04:00
123.91,123.91,123.91,123.91,100,2024-04-03 12:57:00-04:00
123.86,123.91,123.86,123.91,427,2024-04-03 12:58:00-04:00
123.91,123.91,123.8,123.86,701,2024-04-03 12:59:00-04:00
123.9,123.93,123.9,123.915,590,2024-04-03 13:00:00-04:00
123.925,124.0,123.87,123.9792,1874,2024-04-03 13:01:00-04:00
123.9735,123.9735,123.9735,123.9735,150,2024-04-03 13:03:00-04:00
123.87,123.905,123.87,123.905,500,2024-04-03 13:04:00-04:00
123.915,123.915,123.915,123.915,100,2024-04-03 13:06:00-04:00
123.855,123.855,123.855,123.855,100,2024-04-03 13:07:00-04:00
123.93,123.93,123.93,123.93,100,2024-04-03 13:08:00-04:00
123.895,123.94,123.895,123.895,681,2024-04-03 13:09:00-04:00
123.915,123.915,123.915,123.915,100,2024-04-03 13:10:00-04:00
123.98,123.98,123.98,123.98,100,2024-04-03 13:11:00-04:00
123.98,123.98,123.915,123.915,275,2024-04-03 13:12:00-04:00
123.98,124.03,123.98,124.0,701,2024-04-03 13:13:00-04:00
124.03,124.08,124.03,124.08,200,2024-04-03 13:14:00-04:00
124.09,124.09,123.93,123.93,1200,2024-04-03 13:15:00-04:00
123.9,123.9,123.89,123.89,400,2024-04-03 13:16:00-04:00
123.9,123.9,123.81,123.87,600,2024-04-03 13:17:00-04:00
123.86,123.92,123.86,123.865,1152,2024-04-03 13:18:00-04:00
123.92,123.92,123.9,123.9,600,2024-04-03 13:19:00-04:00
123.88,123.88,123.88,123.88,100,2024-04-03 13:20:00-04:00
123.885,123.885,123.885,123.885,200,2024-04-03 13:21:00-04:00
123.95,123.95,123.95,123.95,509,2024-04-03 13:22:00-04:00
123.935,123.935,123.935,123.935,100,2024-04-03 13:23:00-04:00
123.87,123.87,123.87,123.87,100,2024-04-03 13:24:00-04:00
123.925,123.98,123.925,123.98,200,2024-04-03 13:25:00-04:00
123.935,123.97,123.935,123.96,626,2024-04-03 13:26:00-04:00
123.9,123.9,123.89,123.89,200,2024-04-03 13:27:00-04:00
123.87,123.9,123.83,123.83,516,2024-04-03 13:28:00-04:00
123.875,123.875,123.82,123.82,307,2024-04-03 13:30:00-04:00
123.86,123.86,123.86,123.86,100,2024-04-03 13:33:00-04:00
123.91,123.93,123.905,123.905,300,2024-04-03 13:34:00-04:00
123.93,123.93,123.93,123.93,100,2024-04-03 13:35:00-04:00
123.915,123.9165,123.915,123.9165,300,2024-04-03 13:36:00-04:00
123.95,123.98,123.95,123.98,607,2024-04-03 13:37:00-04:00
123.89,123.91,123.82,123.82,1322,2024-04-03 13:38:00-04:00
123.66,123.66,123.66,123.66,462,2024-04-03 13:40:00-04:00
123.66,123.705,123.66,123.66,1602,2024-04-03 13:41:00-04:00
123.66,123.66,123.66,123.66,100,2024-04-03 13:42:00-04:00
123.665,123.665,123.665,123.665,900,2024-04-03 13:43:00-04:00
123.6,123.67,123.6,123.65,1039,2024-04-03 13:44:00-04:00
123.665,123.77,123.665,123.77,1227,2024-04-03 13:46:00-04:00
123.78,123.78,123.78,123.78,200,2024-04-03 13:47:00-04:00
123.8,123.86,123.8,123.86,201,2024-04-03 13:48:00-04:00
123.78,123.78,123.75,123.75,782,2024-04-03 13:49:00-04:00
123.655,123.655,123.63,123.63,200,2024-04-03 13:50:00-04:00
123.682,123.682,123.682,123.682,179,2024-04-03 13:51:00-04:00
123.655,123.655,123.655,123.655,300,2024-04-03 13:52:00-04:00
123.675,123.72,123.675,123.7,553,2024-04-03 13:54:00-04:00
123.71,123.71,123.705,123.705,200,2024-04-03 13:55:00-04:00
123.65,123.65,123.63,123.63,200,2024-04-03 13:57:00-04:00
123.61,123.61,123.61,123.61,100,2024-04-03 13:58:00-04:00
123.61,123.67,123.61,123.67,616,2024-04-03 13:59:00-04:00
123.63,123.63,123.62,123.63,300,2024-04-03 14:00:00-04:00
123.67,123.72,123.67,123.72,400,2024-04-03 14:01:00-04:00
123.77,123.77,123.77,123.77,100,2024-04-03 14:02:00-04:00
123.79,123.8,123.79,123.8,226,2024-04-03 14:03:00-04:00
123.82,123.82,123.82,123.82,200,2024-04-03 14:05:00-04:00
123.83,123.83,123.83,123.83,100,2024-04-03 14:06:00-04:00
123.86,123.86,123.82,123.8266,650,2024-04-03 14:07:00-04:00
123.78,123.78,123.78,123.78,202,2024-04-03 14:08:00-04:00
123.78,123.78,123.71,123.71,300,2024-04-03 14:09:00-04:00
123.74,123.75,123.74,123.74,300,2024-04-03 14:11:00-04:00
123.78,123.78,123.74,123.74,300,2024-04-03 14:12:00-04:00
123.7,123.705,123.7,123.705,200,2024-04-03 14:15:00-04:00
123.72,123.72,123.715,123.715,525,2024-04-03 14:16:00-04:00
123.71,123.71,123.71,123.71,100,2024-04-03 14:17:00-04:00
123.75,123.78,123.73,123.73,1291,2024-04-03 14:18:00-04:00
123.78,123.79,123.77,123.77,600,2024-04-03 14:19:00-04:00
123.73,123.77,123.73,123.77,3400,2024-04-03 14:20:00-04:00
123.81,123.82,123.79,123.795,663,2024-04-03 14:22:00-04:00
123.825,123.825,123.825,123.825,101,2024-04-03 14:23:00-04:00
123.83,123.85,123.83,123.84,403,2024-04-03 14:24:00-04:00
123.81,123.81,123.78,123.78,341,2024-04-03 14:26:00-04:00
123.77,123.77,123.76,123.76,714,2024-04-03 14:27:00-04:00
123.85,123.86,123.79,123.82,2233,2024-04-03 14:28:00-04:00
123.77,123.77,123.77,123.77,113,2024-04-03 14:29:00-04:00
123.78,123.7925,123.73,123.73,620,2024-04-03 14:31:00-04:00
123.77,123.77,123.77,123.77,206,2024-04-03 14:32:00-04:00
123.74,123.7465,123.74,123.7465,200,2024-04-03 14:34:00-04:00
123.745,123.7468,123.745,123.7468,261,2024-04-03 14:35:00-04:00
123.59,123.59,123.59,123.59,200,2024-04-03 14:39:00-04:00
123.63,123.67,123.63,123.64,600,2024-04-03 14:40:00-04:00
123.68,123.71,123.68,123.71,710,2024-04-03 14:41:00-04:00
123.6775,123.6775,123.6775,123.6775,100,2024-04-03 14:43:00-04:00
123.685,123.685,123.66,123.66,400,2024-04-03 14:44:00-04:00
123.6775,123.71,123.66,123.67,1020,2024-04-03 14:45:00-04:00
123.69,123.73,123.68,123.73,500,2024-04-03 14:46:00-04:00
123.75,123.75,123.75,123.75,302,2024-04-03 14:47:00-04:00
123.795,123.795,123.76,123.76,256,2024-04-03 14:48:00-04:00
123.82,123.82,123.74,123.74,401,2024-04-03 14:51:00-04:00
123.73,123.73,123.65,123.65,573,2024-04-03 14:52:00-04:00
123.62,123.66,123.615,123.64,1666,2024-04-03 14:53:00-04:00
123.655,123.655,123.655,123.655,100,2024-04-03 14:54:00-04:00
123.68,123.68,123.6725,123.6725,506,2024-04-03 14:55:00-04:00
123.63,123.68,123.62,123.68,300,2024-04-03 14:56:00-04:00
123.665,123.665,123.665,123.665,100,2024-04-03 14:58:00-04:00
123.67,123.67,123.64,123.67,300,2024-04-03 14:59:00-04:00
123.64,123.64,123.63,123.63,400,2024-04-03 15:00:00-04:00
123.7,123.76,123.7,123.76,325,2024-04-03 15:01:00-04:00
123.77,123.81,123.77,123.81,300,2024-04-03 15:02:00-04:00
123.753,123.753,123.75,123.75,212,2024-04-03 15:04:00-04:00
123.75,123.75,123.695,123.695,600,2024-04-03 15:05:00-04:00
123.78,123.78,123.78,123.78,100,2024-04-03 15:07:00-04:00
123.74,123.74,123.74,123.74,300,2024-04-03 15:08:00-04:00
123.785,123.785,123.74,123.74,212,2024-04-03 15:09:00-04:00
123.785,123.79,123.785,123.79,200,2024-04-03 15:10:00-04:00
123.81,123.81,123.77,123.77,400,2024-04-03 15:11:00-04:00
123.755,123.77,123.74,123.75,688,2024-04-03 15:12:00-04:00
123.738,123.74,123.738,123.74,350,2024-04-03 15:13:00-04:00
123.64,123.64,123.57,123.585,2178,2024-04-03 15:14:00-04:00
123.46,123.48,123.36,123.465,1618,2024-04-03 15:15:00-04:00
123.515,123.55,123.515,123.52,552,2024-04-03 15:17:00-04:00
123.45,123.47,123.43,123.465,700,2024-04-03 15:18:00-04:00
123.46,123.46,123.455,123.455,300,2024-04-03 15:19:00-04:00
123.43,123.46,123.43,123.46,859,2024-04-03 15:20:00-04:00
123.5,123.5,123.43,123.43,821,2024-04-03 15:21:00-04:00
123.41,123.41,123.41,123.41,200,2024-04-03 15:22:00-04:00
123.405,123.405,123.405,123.405,600,2024-04-03 15:23:00-04:00
123.38,123.38,123.32,123.38,700,2024-04-03 15:24:00-04:00
123.38,123.43,123.38,123.425,629,2024-04-03 15:25:00-04:00
123.46,123.46,123.42,123.46,475,2024-04-03 15:26:00-04:00
123.52,123.52,123.52,123.52,100,2024-04-03 15:27:00-04:00
123.46,123.55,123.46,123.525,1379,2024-04-03 15:28:00-04:00
123.5,123.525,123.49,123.525,1198,2024-04-03 15:29:00-04:00
123.485,123.56,123.485,123.56,200,2024-04-03 15:30:00-04:00
123.515,123.53,123.515,123.53,914,2024-04-03 15:31:00-04:00
123.535,123.55,123.51,123.52,1200,2024-04-03 15:33:00-04:00
123.54,123.55,123.52,123.52,502,2024-04-03 15:34:00-04:00
123.535,123.5933,123.535,123.5933,816,2024-04-03 15:35:00-04:00
123.575,123.63,123.57,123.63,754,2024-04-03 15:36:00-04:00
123.66,123.68,123.66,123.67,504,2024-04-03 15:37:00-04:00
123.695,123.765,123.695,123.74,1016,2024-04-03 15:38:00-04:00
123.72,123.73,123.7,123.73,1843,2024-04-03 15:39:00-04:00
123.75,123.805,123.75,123.78,1863,2024-04-03 15:40:00-04:00
123.77,123.88,123.77,123.86,1186,2024-04-03 15:41:00-04:00
123.855,123.885,123.83,123.885,1110,2024-04-03 15:42:00-04:00
123.885,123.885,123.85,123.86,900,2024-04-03 15:43:00-04:00
123.85,123.85,123.84,123.84,501,2024-04-03 15:44:00-04:00
123.87,123.88,123.82,123.88,2375,2024-04-03 15:45:00-04:00
123.9,124.01,123.9,124.01,3319,2024-04-03 15:46:00-04:00
123.99,123.99,123.84,123.84,3625,2024-04-03 15:47:00-04:00
123.82,123.85,123.81,123.83,2365,2024-04-03 15:48:00-04:00
123.79,123.93,123.79,123.91,2642,2024-04-03 15:49:00-04:00
123.91,123.92,123.81,123.92,5138,2024-04-03 15:50:00-04:00
123.87,123.87,123.83,123.835,1750,2024-04-03 15:51:00-04:00
123.81,123.81,123.77,123.81,2982,2024-04-03 15:52:00-04:00
123.82,123.93,123.82,123.89,4744,2024-04-03 15:53:00-04:00
123.89,123.9,123.85,123.86,7238,2024-04-03 15:54:00-04:00
123.89,123.9,123.8,123.8075,4305,2024-04-03 15:55:00-04:00
123.78,123.78,123.7,123.725,4723,2024-04-03 15:56:00-04:00
123.71,123.71,123.66,123.665,5518,2024-04-03 15:57:00-04:00
123.68,123.71,123.65,123.68,8456,2024-04-03 15:58:00-04:00
123.68,123.68,123.49,123.51,29773,2024-04-03 15:59:00-04:00
123.5,123.5,123.5,123.5,125394,2024-04-03 16:00:00-04:00
123.5,123.5,123.5,123.5,904,2024-04-03 16:20:00-04:00
124.55,124.55,124.55,124.55,100,2024-04-04 09:11:00-04:00
124.86,124.86,124.86,124.86,100,2024-04-04 09:17:00-04:00
125.18,125.18,125.18,125.18,5952,2024-04-04 09:30:00-04:00
125.25,125.53,125.22,125.53,668,2024-04-04 09:31:00-04:00
125.23,125.24,125.23,125.24,200,2024-04-04 09:32:00-04:00
125.16,125.16,124.99,124.99,400,2024-04-04 09:33:00-04:00
124.87,124.98,124.79,124.815,1300,2024-04-04 09:34:00-04:00
124.97,125.095,124.97,125.095,320,2024-04-04 09:35:00-04:00
124.89,124.89,124.89,124.89,100,2024-04-04 09:36:00-04:00
124.85,124.85,124.85,124.85,100,2024-04-04 09:37:00-04:00
125.24,125.43,125.24,125.43,800,2024-04-04 09:40:00-04:00
125.345,125.345,125.305,125.305,202,2024-04-04 09:42:00-04:00
125.37,125.38,125.345,125.38,700,2024-04-04 09:43:00-04:00
125.21,125.21,125.12,125.12,200,2024-04-04 09:44:00-04:00
125.255,125.255,125.255,125.255,100,2024-04-04 09:45:00-04:00
125.325,125.325,125.195,125.205,600,2024-04-04 09:46:00-04:00
125.16,125.16,125.01,125.01,679,2024-04-04 09:47:00-04:00
125.17,125.27,125.17,125.19,700,2024-04-04 09:48:00-04:00
125.255,125.285,125.255,125.285,1300,2024-04-04 09:49:00-04:00
125.28,125.44,125.28,125.44,400,2024-04-04 09:50:00-04:00
125.34,125.56,125.34,125.53,700,2024-04-04 09:51:00-04:00
125.57,125.64,125.57,125.64,200,2024-04-04 09:52:00-04:00
125.58,125.58,125.58,125.58,100,2024-04-04 09:53:00-04:00
125.47,125.58,125.46,125.46,600,2024-04-04 09:54:00-04:00
125.56,125.65,125.56,125.64,1034,2024-04-04 09:55:00-04:00
125.75,125.815,125.75,125.815,200,2024-04-04 09:56:00-04:00
125.795,125.805,125.795,125.805,375,2024-04-04 09:57:00-04:00
125.635,125.635,125.63,125.63,200,2024-04-04 09:58:00-04:00
125.93,125.93,125.93,125.93,100,2024-04-04 10:01:00-04:00
125.95,125.955,125.88,125.905,1246,2024-04-04 10:02:00-04:00
125.905,125.905,125.895,125.905,400,2024-04-04 10:03:00-04:00
125.84,125.84,125.84,125.84,200,2024-04-04 10:04:00-04:00
125.815,125.815,125.64,125.74,700,2024-04-04 10:05:00-04:00
125.63,125.63,125.53,125.53,200,2024-04-04 10:06:00-04:00
125.46,125.46,125.46,125.46,100,2024-04-04 10:07:00-04:00
125.54,125.61,125.53,125.55,400,2024-04-04 10:08:00-04:00
125.67,125.75,125.67,125.67,1212,2024-04-04 10:09:00-04:00
125.64,125.715,125.64,125.715,1100,2024-04-04 10:10:00-04:00
125.71,125.84,125.71,125.84,1505,2024-04-04 10:11:00-04:00
125.79,125.83,125.79,125.83,200,2024-04-04 10:12:00-04:00
125.87,125.87,125.86,125.86,200,2024-04-04 10:13:00-04:00
125.73,125.86,125.73,125.86,400,2024-04-04 10:14:00-04:00
125.87,125.87,125.79,125.82,400,2024-04-04 10:15:00-04:00
125.87,125.87,125.75,125.75,616,2024-04-04 10:16:00-04:00
125.785,125.785,125.57,125.57,800,2024-04-04 10:17:00-04:00
125.56,125.56,125.49,125.53,629,2024-04-04 10:18:00-04:00
125.59,125.69,125.54,125.69,1150,2024-04-04 10:19:00-04:00
125.59,125.59,125.59,125.59,300,2024-04-04 10:20:00-04:00
125.615,125.615,125.53,125.53,400,2024-04-04 10:21:00-04:00
125.5,125.64,125.5,125.6,600,2024-04-04 10:22:00-04:00
125.535,125.535,125.45,125.45,700,2024-04-04 10:23:00-04:00
125.49,125.495,125.49,125.495,200,2024-04-04 10:24:00-04:00
125.545,125.64,125.545,125.635,478,2024-04-04 10:25:00-04:00
125.64,125.64,125.57,125.57,300,2024-04-04 10:26:00-04:00
125.615,125.615,125.58,125.58,200,2024-04-04 10:27:00-04:00
125.65,125.67,125.65,125.67,200,2024-04-04 10:28:00-04:00
125.65,125.65,125.64,125.64,200,2024-04-04 10:29:00-04:00
125.64,125.64,125.61,125.61,200,2024-04-04 10:30:00-04:00
125.54,125.61,125.54,125.61,300,2024-04-04 10:31:00-04:00
125.645,125.645,125.645,125.645,200,2024-04-04 10:32:00-04:00
125.66,125.66,125.66,125.66,100,2024-04-04 10:33:00-04:00
125.62,125.67,125.59,125.67,300,2024-04-04 10:34:00-04:00
125.63,125.63,125.58,125.58,500,2024-04-04 10:35:00-04:00
125.575,125.58,125.54,125.555,500,2024-04-04 10:36:00-04:00
125.53,125.53,125.5,125.5,300,2024-04-04 10:37:00-04:00
125.505,125.635,125.505,125.625,500,2024-04-04 10:38:00-04:00
125.65,125.685,125.57,125.57,600,2024-04-04 10:39:00-04:00
125.59,125.59,125.59,125.59,200,2024-04-04 10:40:00-04:00
125.725,125.725,125.64,125.69,400,2024-04-04 10:41:00-04:00
125.65,125.65,125.65,125.65,100,2024-04-04 10:42:00-04:00
125.65,125.65,125.65,125.65,100,2024-04-04 10:43:00-04:00
125.6796,125.6796,125.6796,125.6796,400,2024-04-04 10:44:00-04:00
125.76,125.76,125.76,125.76,100,2024-04-04 10:45:00-04:00
125.7422,125.8,125.675,125.675,1000,2024-04-04 10:46:00-04:00
125.715,125.715,125.55,125.55,500,2024-04-04 10:47:00-04:00
125.575,125.59,125.55,125.55,300,2024-04-04 10:48:00-04:00
125.595,125.7,125.595,125.7,1479,2024-04-04 10:49:00-04:00
125.71,125.71,125.71,125.71,100,2024-04-04 10:50:00-04:00
125.68,125.76,125.66,125.76,785,2024-04-04 10:51:00-04:00
125.7,125.77,125.7,125.755,490,2024-04-04 10:52:00-04:00
125.68,125.73,125.68,125.68,500,2024-04-04 10:53:00-04:00
125.67,125.67,125.67,125.67,100,2024-04-04 10:54:00-04:00
125.63,125.63,125.63,125.63,100,2024-04-04 10:55:00-04:00
125.65,125.66,125.65,125.66,200,2024-04-04 10:56:00-04:00
125.68,125.68,125.68,125.68,100,2024-04-04 10:57:00-04:00
125.655,125.655,125.655,125.655,100,2024-04-04 11:00:00-04:00
125.655,125.655,125.655,125.655,200,2024-04-04 11:01:00-04:00
125.645,125.645,125.56,125.615,300,2024-04-04 11:02:00-04:00
125.52,125.52,125.46,125.47,750,2024-04-04 11:03:00-04:00
125.45,125.51,125.4,125.51,614,2024-04-04 11:04:00-04:00
125.465,125.465,125.465,125.465,100,2024-04-04 11:06:00-04:00
125.5,125.5,125.47,125.47,300,2024-04-04 11:07:00-04:00
125.48,125.48,125.3403,125.43,3248,2024-04-04 11:08:00-04:00
125.45,125.45,125.22,125.37,1140,2024-04-04 11:09:00-04:00
125.32,125.37,125.235,125.235,1200,2024-04-04 11:10:00-04:00
125.11,125.115,125.06,125.115,616,2024-04-04 11:11:00-04:00
125.04,125.085,125.02,125.085,300,2024-04-04 11:12:00-04:00
125.0996,125.15,125.0996,125.15,200,2024-04-04 11:13:00-04:00
125.17,125.17,125.17,125.17,100,2024-04-04 11:15:00-04:00
125.1775,125.1775,125.145,125.145,522,2024-04-04 11:16:00-04:00
125.18,125.18,125.14,125.14,600,2024-04-04 11:17:00-04:00
125.2,125.2,125.12,125.14,500,2024-04-04 11:18:00-04:00
125.165,125.1859,125.05,125.14,1435,2024-04-04 11:19:00-04:00
125.13,125.21,125.13,125.21,300,2024-04-04 11:21:00-04:00
125.24,125.24,125.24,125.24,100,2024-04-04 11:22:00-04:00
125.275,125.275,125.275,125.275,100,2024-04-04 11:23:00-04:00
125.3037,125.3037,125.3037,125.3037,149,2024-04-04 11:24:00-04:00
125.36,125.41,125.35,125.365,600,2024-04-04 11:25:00-04:00
125.32,125.3207,125.32,125.32,532,2024-04-04 11:26:00-04:00
125.31,125.31,125.27,125.27,526,2024-04-04 11:27:00-04:00
125.27,125.3,125.27,125.28,719,2024-04-04 11:28:00-04:00
125.26,125.26,125.21,125.21,454,2024-04-04 11:29:00-04:00
125.24,125.24,125.23,125.23,300,2024-04-04 11:30:00-04:00
125.265,125.3,125.23,125.23,1376,2024-04-04 11:31:00-04:00
125.26,125.3,125.26,125.3,200,2024-04-04 11:32:00-04:00
125.34,125.34,125.34,125.34,100,2024-04-04 11:33:00-04:00
125.41,125.44,125.41,125.44,500,2024-04-04 11:34:00-04:00
125.48,125.53,125.46,125.5,600,2024-04-04 11:35:00-04:00
125.445,125.4995,125.445,125.4995,270,2024-04-04 11:37:00-04:00
125.44,125.44,125.38,125.385,300,2024-04-04 11:38:00-04:00
125.4399,125.4399,125.38,125.38,405,2024-04-04 11:39:00-04:00
125.39,125.39,125.39,125.39,200,2024-04-04 11:41:00-04:00
125.415,125.415,125.38,125.38,400,2024-04-04 11:42:00-04:00
125.36,125.36,125.335,125.335,314,2024-04-04 11:43:00-04:00
125.411,125.411,125.315,125.315,319,2024-04-04 11:44:00-04:00
125.335,125.335,125.335,125.335,156,2024-04-04 11:45:00-04:00
125.4,125.4,125.4,125.4,300,2024-04-04 11:46:00-04:00
125.385,125.385,125.35,125.35,200,2024-04-04 11:47:00-04:00
125.28,125.34,125.24,125.26,1646,2024-04-04 11:48:00-04:00
125.27,125.27,125.23,125.23,200,2024-04-04 11:49:00-04:00
125.17,125.2393,125.17,125.2393,245,2024-04-04 11:50:00-04:00
125.24,125.29,125.24,125.29,600,2024-04-04 11:51:00-04:00
125.24,125.3206,125.24,125.3206,538,2024-04-04 11:53:00-04:00
125.38,125.405,125.38,125.405,300,2024-04-04 11:55:00-04:00
125.38,125.39,125.35,125.39,400,2024-04-04 11:56:00-04:00
125.42,125.42,125.415,125.415,400,2024-04-04 11:59:00-04:00
125.39,125.43,125.39,125.43,400,2024-04-04 12:00:00-04:00
125.4,125.43,125.35,125.35,500,2024-04-04 12:01:00-04:00
125.3501,125.3501,125.2975,125.2975,848,2024-04-04 12:02:00-04:00
125.28,125.32,125.225,125.225,502,2024-04-04 12:03:00-04:00
125.245,125.245,125.245,125.245,200,2024-04-04 12:05:00-04:00
125.235,125.235,125.17,125.17,246,2024-04-04 12:07:00-04:00
125.235,125.235,125.235,125.235,100,2024-04-04 12:08:00-04:00
125.255,125.255,125.255,125.255,100,2024-04-04 12:09:00-04:00
125.2,125.2,125.2,125.2,100,2024-04-04 12:10:00-04:00
125.28,125.28,125.24,125.26,1285,2024-04-04 12:11:00-04:00
125.27,125.27,125.23,125.265,1188,2024-04-04 12:12:00-04:00
125.32,125.32,125.31,125.31,200,2024-04-04 12:13:00-04:00
125.31,125.31,125.3,125.3,500,2024-04-04 12:14:00-04:00
125.27,125.31,125.27,125.31,341,2024-04-04 12:15:00-04:00
125.325,125.34,125.325,125.325,300,2024-04-04 12:16:00-04:00
125.29,125.325,125.29,125.325,300,2024-04-04 12:17:00-04:00
125.325,125.33,125.325,125.33,300,2024-04-04 12:18:00-04:00
125.36,125.365,125.355,125.36,579,2024-04-04 12:19:00-04:00
125.36,125.36,125.35,125.35,200,2024-04-04 12:20:00-04:00
125.4,125.425,125.4,125.425,400,2024-04-04 12:21:00-04:00
125.425,125.425,125.425,125.425,100,2024-04-04 12:22:00-04:00
125.44,125.47,125.435,125.47,1188,2024-04-04 12:23:00-04:00
125.505,125.545,125.4725,125.5425,1000,2024-04-04 12:24:00-04:00
125.57,125.695,125.57,125.695,1500,2024-04-04 12:25:00-04:00
125.69,125.69,125.6,125.66,2300,2024-04-04 12:26:00-04:00
125.66,125.66,125.53,125.54,1000,2024-04-04 12:27:00-04:00
125.57,125.67,125.57,125.67,1000,2024-04-04 12:28:00-04:00
125.66,125.66,125.65,125.66,667,2024-04-04 12:29:00-04:00
125.68,125.85,125.67,125.85,6961,2024-04-04 12:30:00-04:00
125.8625,125.87,125.79,125.79,1516,2024-04-04 12:31:00-04:00
125.81,125.82,125.81,125.82,301,2024-04-04 12:32:00-04:00
125.79,125.79,125.72,125.72,2102,2024-04-04 12:33:00-04:00
125.73,125.74,125.72,125.72,400,2024-04-04 12:34:00-04:00
125.7,125.7,125.675,125.675,7400,2024-04-04 12:35:00-04:00
125.675,125.84,125.65,125.77,1970,2024-04-04 12:36:00-04:00
125.77,125.77,125.77,125.77,100,2024-04-04 12:37:00-04:00
125.71,125.735,125.71,125.735,202,2024-04-04 12:38:00-04:00
125.735,125.75,125.69,125.695,2500,2024-04-04 12:39:00-04:00
125.73,125.77,125.69,125.74,2831,2024-04-04 12:40:00-04:00
125.7,125.7,125.68,125.7,1009,2024-04-04 12:41:00-04:00
125.7418,125.7418,125.67,125.7025,400,2024-04-04 12:42:00-04:00
125.67,125.69,125.67,125.69,300,2024-04-04 12:43:00-04:00
125.69,125.72,125.67,125.72,1429,2024-04-04 12:44:00-04:00
125.71,125.71,125.71,125.71,200,2024-04-04 12:46:00-04:00
125.66,125.66,125.595,125.6,1996,2024-04-04 12:47:00-04:00
125.59,125.6,125.59,125.59,910,2024-04-04 12:48:00-04:00
125.575,125.58,125.57,125.58,451,2024-04-04 12:49:00-04:00
125.58,125.58,125.58,125.58,700,2024-04-04 12:50:00-04:00
125.585,125.585,125.53,125.53,1400,2024-04-04 12:51:00-04:00
125.49,125.515,125.44,125.47,1500,2024-04-04 12:52:00-04:00
125.52,125.52,125.52,125.52,100,2024-04-04 12:53:00-04:00
125.515,125.515,125.515,125.515,100,2024-04-04 12:54:00-04:00
125.52,125.53,125.52,125.53,400,2024-04-04 12:55:00-04:00
125.54,125.54,125.52,125.52,500,2024-04-04 12:56:00-04:00
125.54,125.54,125.41,125.42,891,2024-04-04 12:57:00-04:00
125.46,125.51,125.46,125.51,702,2024-04-04 12:58:00-04:00
125.45,125.45,125.45,125.45,1100,2024-04-04 12:59:00-04:00
125.49,125.49,125.49,125.49,100,2024-04-04 13:00:00-04:00
125.43,125.43,125.36,125.38,701,2024-04-04 13:02:00-04:00
125.34,125.34,125.3,125.34,700,2024-04-04 13:03:00-04:00
125.32,125.32,125.27,125.3,700,2024-04-04 13:04:00-04:00
125.31,125.37,125.3,125.3,700,2024-04-04 13:06:00-04:00
125.265,125.29,125.2,125.29,700,2024-04-04 13:07:00-04:00
125.19,125.19,125.125,125.125,500,2024-04-04 13:08:00-04:00
125.1699,125.1699,125.11,125.11,702,2024-04-04 13:09:00-04:00
125.14,125.14,124.98,124.98,1107,2024-04-04 13:10:00-04:00
124.95,124.995,124.93,124.995,546,2024-04-04 13:11:00-04:00
124.91,124.91,124.9,124.9,200,2024-04-04 13:12:00-04:00
124.89,125.01,124.89,124.99,727,2024-04-04 13:13:00-04:00
124.975,125.01,124.975,125.01,300,2024-04-04 13:14:00-04:00
125.03,125.06,125.03,125.06,890,2024-04-04 13:15:00-04:00
125.07,125.08,125.07,125.08,200,2024-04-04 13:16:00-04:00
125.02,125.045,125.02,125.045,341,2024-04-04 13:17:00-04:00
125.045,125.045,125.045,125.045,100,2024-04-04 13:18:00-04:00
125.09,125.1,125.09,125.1,202,2024-04-04 13:20:00-04:00
125.145,125.145,125.145,125.145,100,2024-04-04 13:21:00-04:00
125.125,125.125,125.125,125.125,100,2024-04-04 13:22:00-04:00
125.13,125.13,125.11,125.13,300,2024-04-04 13:24:00-04:00
125.15,125.2,125.15,125.2,363,2024-04-04 13:28:00-04:00
125.16,125.16,125.16,125.16,163,2024-04-04 13:29:00-04:00
125.12,125.12,125.12,125.12,100,2024-04-04 13:30:00-04:00
125.11,125.11,124.96,124.96,2244,2024-04-04 13:31:00-04:00
124.93,124.93,124.75,124.75,702,2024-04-04 13:32:00-04:00
124.85,124.85,124.85,124.85,100,2024-04-04 13:33:00-04:00
124.84,124.84,124.81,124.81,300,2024-04-04 13:34:00-04:00
124.82,124.87,124.82,124.83,400,2024-04-04 13:36:00-04:00
124.835,124.835,124.8,124.8,200,2024-04-04 13:37:00-04:00
124.79,124.79,124.78,124.78,582,2024-04-04 13:38:00-04:00
124.83,124.83,124.8,124.825,300,2024-04-04 13:39:00-04:00
124.825,124.84,124.78,124.84,1100,2024-04-04 13:40:00-04:00
124.8425,124.87,124.83,124.83,400,2024-04-04 13:41:00-04:00
124.84,124.845,124.84,124.845,485,2024-04-04 13:42:00-04:00
124.79,124.815,124.79,124.79,300,2024-04-04 13:43:00-04:00
124.79,124.79,124.785,124.785,203,2024-04-04 13:45:00-04:00
124.755,124.775,124.755,124.775,455,2024-04-04 13:46:00-04:00
124.705,124.705,124.7,124.705,300,2024-04-04 13:47:00-04:00
124.705,124.715,124.705,124.705,300,2024-04-04 13:48:00-04:00
124.69,124.69,124.69,124.69,105,2024-04-04 13:49:00-04:00
124.58,124.58,124.58,124.58,399,2024-04-04 13:50:00-04:00
124.63,124.63,124.605,124.63,360,2024-04-04 13:51:00-04:00
124.6,124.6,124.565,124.565,200,2024-04-04 13:52:00-04:00
124.55,124.56,124.48,124.495,600,2024-04-04 13:53:00-04:00
124.43,124.43,124.39,124.39,301,2024-04-04 13:54:00-04:00
124.4,124.45,124.39,124.45,400,2024-04-04 13:55:00-04:00
124.43,124.43,124.43,124.43,100,2024-04-04 13:56:00-04:00
124.3,124.3,124.29,124.29,200,2024-04-04 13:57:00-04:00
124.27,124.27,124.22,124.22,200,2024-04-04 13:58:00-04:00
124.13,124.13,124.13,124.13,100,2024-04-04 13:59:00-04:00
124.13,124.13,124.01,124.01,300,2024-04-04 14:01:00-04:00
124.045,124.1,124.03,124.04,500,2024-04-04 14:02:00-04:00
124.0,124.1,124.0,124.1,200,2024-04-04 14:04:00-04:00
124.06,124.11,124.06,124.11,300,2024-04-04 14:05:00-04:00
124.06,124.06,124.02,124.035,500,2024-04-04 14:06:00-04:00
124.0,124.0,123.9,123.965,700,2024-04-04 14:07:00-04:00
123.96,123.96,123.89,123.925,300,2024-04-04 14:08:00-04:00
123.88,123.88,123.82,123.82,300,2024-04-04 14:09:00-04:00
123.75,123.765,123.75,123.765,300,2024-04-04 14:10:00-04:00
123.82,123.88,123.78,123.87,400,2024-04-04 14:11:00-04:00
123.9163,123.9163,123.89,123.91,550,2024-04-04 14:12:00-04:00
123.77,123.77,123.71,123.755,500,2024-04-04 14:13:00-04:00
123.705,123.705,123.705,123.705,100,2024-04-04 14:14:00-04:00
123.58,123.65,123.58,123.65,400,2024-04-04 14:15:00-04:00
123.42,123.43,123.42,123.43,200,2024-04-04 14:16:00-04:00
123.41,123.455,123.41,123.455,400,2024-04-04 14:17:00-04:00
123.35,123.35,123.35,123.35,100,2024-04-04 14:18:00-04:00
123.365,123.37,123.34,123.355,400,2024-04-04 14:19:00-04:00
123.355,123.43,123.28,123.43,1195,2024-04-04 14:20:00-04:00
123.415,123.415,123.38,123.38,200,2024-04-04 14:21:00-04:00
123.38,123.5499,123.38,123.5499,931,2024-04-04 14:22:00-04:00
123.49,123.49,123.49,123.49,200,2024-04-04 14:23:00-04:00
123.48,123.58,123.48,123.58,800,2024-04-04 14:24:00-04:00
123.555,123.64,123.555,123.64,400,2024-04-04 14:25:00-04:00
123.59,123.59,123.49,123.49,400,2024-04-04 14:26:00-04:00
123.38,123.38,123.315,123.315,800,2024-04-04 14:27:00-04:00
123.28,123.28,123.22,123.22,305,2024-04-04 14:28:00-04:00
123.12,123.22,123.12,123.16,821,2024-04-04 14:29:00-04:00
122.92,122.97,122.92,122.95,400,2024-04-04 14:30:00-04:00
123.03,123.03,122.965,122.98,400,2024-04-04 14:31:00-04:00
122.945,122.945,122.76,122.76,500,2024-04-04 14:32:00-04:00
122.81,122.97,122.79,122.97,1020,2024-04-04 14:33:00-04:00
122.985,122.985,122.915,122.915,300,2024-04-04 14:34:00-04:00
122.86,123.05,122.85,123.05,600,2024-04-04 14:35:00-04:00
123.07,123.07,122.97,123.0,400,2024-04-04 14:36:00-04:00
123.19,123.33,123.19,123.31,936,2024-04-04 14:37:00-04:00
123.28,123.28,123.27,123.27,200,2024-04-04 14:38:00-04:00
123.265,123.265,123.22,123.26,301,2024-04-04 14:39:00-04:00
123.185,123.185,123.15,123.15,200,2024-04-04 14:40:00-04:00
123.11,123.14,123.09,123.13,1053,2024-04-04 14:41:00-04:00
123.195,123.28,123.14,123.14,1016,2024-04-04 14:42:00-04:00
123.17,123.17,123.16,123.16,200,2024-04-04 14:43:00-04:00
123.21,123.21,123.1,123.1,300,2024-04-04 14:44:00-04:00
123.03,123.3,123.03,123.3,900,2024-04-04 14:45:00-04:00
123.34,123.35,123.285,123.3425,600,2024-04-04 14:46:00-04:00
123.31,123.31,123.26,123.28,400,2024-04-04 14:47:00-04:00
123.2,123.2275,123.195,123.195,599,2024-04-04 14:48:00-04:00
123.2,123.2,123.2,123.2,100,2024-04-04 14:49:00-04:00
123.1195,123.165,123.04,123.165,942,2024-04-04 14:50:00-04:00
123.2242,123.26,123.2242,123.26,1039,2024-04-04 14:51:00-04:00
123.16,123.16,123.15,123.15,200,2024-04-04 14:52:00-04:00
123.02,123.0799,123.01,123.0799,629,2024-04-04 14:53:00-04:00
123.0,123.0,123.0,123.0,100,2024-04-04 14:54:00-04:00
123.01,123.01,122.85,122.85,500,2024-04-04 14:55:00-04:00
122.85,122.92,122.85,122.895,400,2024-04-04 14:56:00-04:00
122.85,122.88,122.85,122.88,300,2024-04-04 14:57:00-04:00
122.84,122.84,122.84,122.84,252,2024-04-04 14:58:00-04:00
122.73,122.78,122.73,122.78,800,2024-04-04 14:59:00-04:00
122.755,122.755,122.74,122.74,321,2024-04-04 15:00:00-04:00
122.5,122.5,122.5,122.5,200,2024-04-04 15:01:00-04:00
122.42,122.605,122.42,122.605,900,2024-04-04 15:02:00-04:00
122.7,122.75,122.7,122.74,300,2024-04-04 15:03:00-04:00
122.66,122.67,122.64,122.67,400,2024-04-04 15:04:00-04:00
122.69,122.69,122.69,122.69,100,2024-04-04 15:05:00-04:00
122.62,122.75,122.62,122.735,400,2024-04-04 15:06:00-04:00
122.85,122.85,122.71,122.765,402,2024-04-04 15:07:00-04:00
122.79,122.79,122.78,122.78,300,2024-04-04 15:08:00-04:00
122.79,122.88,122.74,122.88,500,2024-04-04 15:09:00-04:00
122.88,122.905,122.69,122.69,700,2024-04-04 15:10:00-04:00
122.7234,122.79,122.72,122.79,650,2024-04-04 15:12:00-04:00
122.85,122.85,122.835,122.835,200,2024-04-04 15:13:00-04:00
122.82,122.87,122.82,122.87,401,2024-04-04 15:14:00-04:00
122.89,122.89,122.69,122.69,347,2024-04-04 15:15:00-04:00
122.755,122.775,122.755,122.77,300,2024-04-04 15:16:00-04:00
122.67,122.67,122.57,122.57,532,2024-04-04 15:17:00-04:00
122.59,122.59,122.4925,122.55,1900,2024-04-04 15:18:00-04:00
122.59,122.6,122.5283,122.5283,2958,2024-04-04 15:19:00-04:00
122.62,122.8,122.62,122.8,609,2024-04-04 15:20:00-04:00
122.7,122.7,122.68,122.68,200,2024-04-04 15:21:00-04:00
122.71,122.78,122.69,122.78,613,2024-04-04 15:22:00-04:00
122.72,122.79,122.72,122.79,600,2024-04-04 15:23:00-04:00
122.74,122.78,122.74,122.78,200,2024-04-04 15:25:00-04:00
122.66,122.745,122.66,122.745,1113,2024-04-04 15:26:00-04:00
122.71,122.74,122.64,122.64,800,2024-04-04 15:27:00-04:00
122.62,122.67,122.6,122.6,1100,2024-04-04 15:28:00-04:00
122.68,122.69,122.6,122.6,600,2024-04-04 15:29:00-04:00
122.655,122.69,122.59,122.6,600,2024-04-04 15:30:00-04:00
122.6,122.61,122.57,122.57,400,2024-04-04 15:31:00-04:00
122.51,122.52,122.47,122.485,707,2024-04-04 15:32:00-04:00
122.5,122.5265,122.5,122.5265,427,2024-04-04 15:33:00-04:00
122.45,122.55,122.45,122.55,800,2024-04-04 15:34:00-04:00
122.51,122.51,122.3175,122.3175,746,2024-04-04 15:35:00-04:00
122.3,122.32,122.275,122.32,604,2024-04-04 15:36:00-04:00
122.38,122.41,122.38,122.4,1021,2024-04-04 15:37:00-04:00
122.36,122.4,122.36,122.4,444,2024-04-04 15:38:00-04:00
122.35,122.39,122.35,122.385,464,2024-04-04 15:39:00-04:00
122.42,122.45,122.4,122.45,700,2024-04-04 15:40:00-04:00
122.425,122.425,122.33,122.33,971,2024-04-04 15:41:00-04:00
122.36,122.49,122.36,122.49,858,2024-04-04 15:42:00-04:00
122.42,122.46,122.415,122.45,1377,2024-04-04 15:43:00-04:00
122.415,122.54,122.385,122.47,932,2024-04-04 15:44:00-04:00
122.52,122.66,122.52,122.66,500,2024-04-04 15:45:00-04:00
122.73,122.73,122.62,122.64,535,2024-04-04 15:46:00-04:00
122.56,122.61,122.56,122.61,1683,2024-04-04 15:47:00-04:00
122.61,122.655,122.61,122.64,728,2024-04-04 15:48:00-04:00
122.66,122.81,122.66,122.81,900,2024-04-04 15:49:00-04:00
122.85,122.89,122.78,122.84,2182,2024-04-04 15:50:00-04:00
122.81,123.0,122.81,123.0,2230,2024-04-04 15:51:00-04:00
123.0,123.08,123.0,123.04,1939,2024-04-04 15:52:00-04:00
123.01,123.01,122.71,122.71,1500,2024-04-04 15:53:00-04:00
122.73,123.02,122.72,122.98,2954,2024-04-04 15:54:00-04:00
123.04,123.1,123.04,123.08,1762,2024-04-04 15:55:00-04:00
123.06,123.11,122.8,122.8,4626,2024-04-04 15:56:00-04:00
122.83,122.855,122.75,122.75,5556,2024-04-04 15:57:00-04:00
122.762,122.78,122.65,122.69,6355,2024-04-04 15:58:00-04:00
122.7,122.72,122.46,122.51,31082,2024-04-04 15:59:00-04:00
122.51,122.51,122.51,122.51,127435,2024-04-04 16:00:00-04:00
121.28,121.69,121.0,121.09,5697,2024-04-05 09:30:00-04:00
121.565,121.9,121.21,121.9,500,2024-04-05 09:31:00-04:00
121.57,122.27,121.57,122.2,1134,2024-04-05 09:32:00-04:00
121.85,122.0816,121.85,122.0816,1300,2024-04-05 09:33:00-04:00
122.34,122.34,122.34,122.34,100,2024-04-05 09:35:00-04:00
122.5018,122.5018,122.5018,122.5018,100,2024-04-05 09:37:00-04:00
122.0,122.0,121.675,121.675,659,2024-04-05 09:38:00-04:00
121.97,121.97,121.97,121.97,100,2024-04-05 09:42:00-04:00
121.7,121.7,121.6,121.605,335,2024-04-05 09:43:00-04:00
121.44,121.44,121.44,121.44,104,2024-04-05 09:46:00-04:00
121.61,121.61,121.61,121.61,200,2024-04-05 09:47:00-04:00
121.59,121.59,121.59,121.59,100,2024-04-05 09:48:00-04:00
121.6899,121.6899,121.6899,121.6899,300,2024-04-05 09:49:00-04:00
121.6436,121.6436,121.6436,121.6436,400,2024-04-05 09:50:00-04:00
121.71,121.71,121.71,121.71,100,2024-04-05 09:52:00-04:00
121.785,121.785,121.69,121.71,500,2024-04-05 09:53:00-04:00
121.68,121.78,121.64,121.78,2238,2024-04-05 09:54:00-04:00
121.865,121.97,121.84,121.84,1333,2024-04-05 09:55:00-04:00
121.88,121.88,121.88,121.88,604,2024-04-05 09:56:00-04:00
121.9,121.97,121.9,121.97,200,2024-04-05 09:58:00-04:00
121.8,121.8,121.58,121.58,1300,2024-04-05 09:59:00-04:00
121.595,121.63,121.595,121.6089,1100,2024-04-05 10:00:00-04:00
121.71,121.71,121.71,121.71,100,2024-04-05 10:01:00-04:00
121.71,121.71,121.71,121.71,100,2024-04-05 10:02:00-04:00
121.725,121.725,121.63,121.64,328,2024-04-05 10:03:00-04:00
121.87,122.01,121.802,121.96,3095,2024-04-05 10:05:00-04:00
122.02,122.02,121.87,121.87,1700,2024-04-05 10:06:00-04:00
121.86,122.07,121.84,121.96,1400,2024-04-05 10:07:00-04:00
122.0899,122.0899,121.84,121.84,708,2024-04-05 10:08:00-04:00
121.73,121.9,121.6919,121.9,4406,2024-04-05 10:09:00-04:00
122.13,122.2,122.13,122.2,304,2024-04-05 10:11:00-04:00
122.24,122.24,122.24,122.24,100,2024-04-05 10:13:00-04:00
122.15,122.15,122.11,122.11,400,2024-04-05 10:14:00-04:00
122.115,122.115,122.115,122.115,100,2024-04-05 10:15:00-04:00
122.03,122.03,122.0,122.0,600,2024-04-05 10:18:00-04:00
122.155,122.155,122.155,122.155,100,2024-04-05 10:19:00-04:00
122.18,122.18,122.18,122.18,200,2024-04-05 10:21:00-04:00
122.21,122.21,122.21,122.21,200,2024-04-05 10:22:00-04:00
122.32,122.41,122.32,122.41,300,2024-04-05 10:24:00-04:00
122.33,122.33,122.28,122.29,1261,2024-04-05 10:25:00-04:00
122.2901,122.2901,122.28,122.28,599,2024-04-05 10:26:00-04:00
122.2,122.2,122.13,122.13,589,2024-04-05 10:27:00-04:00
122.145,122.145,122.145,122.145,172,2024-04-05 10:28:00-04:00
122.22,122.26,122.22,122.26,867,2024-04-05 10:30:00-04:00
122.3,122.3,122.3,122.3,100,2024-04-05 10:31:00-04:00
122.44,122.5,122.44,122.5,200,2024-04-05 10:32:00-04:00
122.58,122.585,122.58,122.585,200,2024-04-05 10:33:00-04:00
122.62,122.62,122.62,122.62,100,2024-04-05 10:34:00-04:00
122.66,122.83,122.655,122.82,6039,2024-04-05 10:35:00-04:00
122.84,122.89,122.58,122.66,9011,2024-04-05 10:36:00-04:00
122.8,122.8,122.74,122.74,600,2024-04-05 10:37:00-04:00
122.79,122.79,122.79,122.79,100,2024-04-05 10:38:00-04:00
122.94,122.9856,122.83,122.83,700,2024-04-05 10:39:00-04:00
122.875,122.875,122.875,122.875,303,2024-04-05 10:40:00-04:00
122.915,122.915,122.915,122.915,150,2024-04-05 10:41:00-04:00
122.915,123.0,122.91,123.0,730,2024-04-05 10:42:00-04:00
123.0064,123.12,122.985,123.12,1217,2024-04-05 10:43:00-04:00
123.08,123.18,123.06,123.18,5326,2024-04-05 10:44:00-04:00
123.15,123.26,123.15,123.26,968,2024-04-05 10:45:00-04:00
123.235,123.27,123.2325,123.27,700,2024-04-05 10:46:00-04:00
123.19,123.21,123.08,123.08,1260,2024-04-05 10:47:00-04:00
123.17,123.17,123.17,123.17,107,2024-04-05 10:48:00-04:00
123.3892,123.3892,123.3892,123.3892,122,2024-04-05 10:50:00-04:00
123.4833,123.5667,123.4833,123.5667,538,2024-04-05 10:51:00-04:00
123.43,123.43,123.43,123.43,100,2024-04-05 10:52:00-04:00
123.475,123.475,123.475,123.475,100,2024-04-05 10:53:00-04:00
123.41,123.41,123.41,123.41,100,2024-04-05 10:54:00-04:00
123.55,123.6,123.55,123.6,304,2024-04-05 10:56:00-04:00
123.7,123.97,123.7,123.89,4003,2024-04-05 10:57:00-04:00
123.89,123.99,123.84,123.92,1403,2024-04-05 10:58:00-04:00
123.885,123.935,123.79,123.835,5352,2024-04-05 10:59:00-04:00
123.8,123.81,123.71,123.8,1300,2024-04-05 11:00:00-04:00
123.62,123.62,123.62,123.62,100,2024-04-05 11:02:00-04:00
123.6398,123.6398,123.6118,123.625,400,2024-04-05 11:03:00-04:00
123.65,123.65,123.57,123.65,690,2024-04-05 11:04:00-04:00
123.56,123.56,123.48,123.54,1609,2024-04-05 11:05:00-04:00
123.54,123.6,123.5175,123.6,420,2024-04-05 11:06:00-04:00
123.595,123.595,123.47,123.47,300,2024-04-05 11:07:00-04:00
123.48,123.54,123.48,123.54,300,2024-04-05 11:08:00-04:00
123.46,123.46,123.43,123.445,500,2024-04-05 11:09:00-04:00
123.35,123.41,123.35,123.41,200,2024-04-05 11:10:00-04:00
123.3,123.3,123.29,123.29,200,2024-04-05 11:13:00-04:00
123.29,123.29,123.265,123.265,200,2024-04-05 11:14:00-04:00
123.255,123.33,123.255,123.33,200,2024-04-05 11:16:00-04:00
123.33,123.345,123.33,123.345,300,2024-04-05 11:17:00-04:00
123.4,123.4,123.4,123.4,100,2024-04-05 11:18:00-04:00
123.46,123.46,123.46,123.46,100,2024-04-05 11:20:00-04:00
123.45,123.45,123.45,123.45,100,2024-04-05 11:21:00-04:00
123.51,123.51,123.51,123.51,100,2024-04-05 11:22:00-04:00
123.555,123.555,123.555,123.555,100,2024-04-05 11:23:00-04:00
123.62,123.62,123.62,123.62,100,2024-04-05 11:24:00-04:00
123.625,123.655,123.625,123.655,200,2024-04-05 11:25:00-04:00
123.665,123.71,123.64,123.64,308,2024-04-05 11:26:00-04:00
123.65,123.65,123.65,123.65,100,2024-04-05 11:27:00-04:00
123.61,123.63,123.59,123.59,600,2024-04-05 11:28:00-04:00
123.7046,123.7046,123.7046,123.7046,180,2024-04-05 11:31:00-04:00
123.7,123.7,123.7,123.7,100,2024-04-05 11:32:00-04:00
123.67,123.75,123.67,123.71,1470,2024-04-05 11:33:00-04:00
123.64,123.655,123.64,123.64,400,2024-04-05 11:35:00-04:00
123.59,123.675,123.55,123.675,1452,2024-04-05 11:36:00-04:00
123.75,123.77,123.75,123.77,220,2024-04-05 11:37:00-04:00
123.77,123.82,123.77,123.82,1177,2024-04-05 11:38:00-04:00
123.8125,123.83,123.8125,123.83,200,2024-04-05 11:39:00-04:00
123.87,123.87,123.79,123.805,1818,2024-04-05 11:40:00-04:00
123.84,123.84,123.84,123.84,100,2024-04-05 11:41:00-04:00
123.845,123.93,123.84,123.93,400,2024-04-05 11:42:00-04:00
124.05,124.05,124.05,124.05,100,2024-04-05 11:43:00-04:00
124.05,124.075,124.04,124.075,606,2024-04-05 11:44:00-04:00
124.075,124.075,124.065,124.065,300,2024-04-05 11:45:00-04:00
124.09,124.1039,124.09,124.09,314,2024-04-05 11:46:00-04:00
124.14,124.23,124.14,124.23,1200,2024-04-05 11:47:00-04:00
124.24,124.26,124.24,124.26,401,2024-04-05 11:48:00-04:00
124.26,124.32,124.26,124.32,500,2024-04-05 11:50:00-04:00
124.34,124.34,124.34,124.34,100,2024-04-05 11:51:00-04:00
124.33,124.33,124.33,124.33,200,2024-04-05 11:52:00-04:00
124.31,124.31,124.31,124.31,100,2024-04-05 11:53:00-04:00
124.3,124.3,124.23,124.23,800,2024-04-05 11:54:00-04:00
124.3,124.43,124.3,124.43,801,2024-04-05 11:55:00-04:00
124.45,124.52,124.44,124.46,539,2024-04-05 11:56:00-04:00
124.52,124.52,124.52,124.52,123,2024-04-05 11:57:00-04:00
124.505,124.505,124.47,124.47,200,2024-04-05 11:58:00-04:00
124.5299,124.5299,124.5299,124.5299,158,2024-04-05 11:59:00-04:00
124.4875,124.4875,124.3582,124.3582,3196,2024-04-05 12:00:00-04:00
124.32,124.32,124.25,124.25,700,2024-04-05 12:01:00-04:00
124.39,124.39,124.39,124.39,100,2024-04-05 12:04:00-04:00
124.34,124.355,124.34,124.355,300,2024-04-05 12:05:00-04:00
124.3,124.31,124.3,124.31,200,2024-04-05 12:06:00-04:00
124.3,124.362,124.16,124.26,1857,2024-04-05 12:07:00-04:00
124.24,124.24,124.24,124.24,100,2024-04-05 12:08:00-04:00
124.2601,124.355,124.2601,124.355,550,2024-04-05 12:09:00-04:00
124.385,124.385,124.385,124.385,100,2024-04-05 12:10:00-04:00
124.385,124.385,124.36,124.37,300,2024-04-05 12:12:00-04:00
124.39,124.41,124.39,124.41,400,2024-04-05 12:14:00-04:00
124.44,124.47,124.44,124.47,200,2024-04-05 12:15:00-04:00
124.485,124.485,124.4,124.4,1300,2024-04-05 12:16:00-04:00
124.39,124.42,124.385,124.4,500,2024-04-05 12:17:00-04:00
124.43,124.45,124.43,124.45,321,2024-04-05 12:18:00-04:00
124.42,124.43,124.42,124.43,300,2024-04-05 12:19:00-04:00
124.45,124.45,124.37,124.37,600,2024-04-05 12:20:00-04:00
124.41,124.41,124.36,124.36,228,2024-04-05 12:21:00-04:00
124.3861,124.445,124.3861,124.445,623,2024-04-05 12:22:00-04:00
124.5,124.5,124.5,124.5,100,2024-04-05 12:23:00-04:00
124.55,124.55,124.5,124.5,600,2024-04-05 12:24:00-04:00
124.49,124.5,124.43,124.43,700,2024-04-05 12:25:00-04:00
124.41,124.41,124.41,124.41,100,2024-04-05 12:27:00-04:00
124.4164,124.44,124.4074,124.44,507,2024-04-05 12:28:00-04:00
124.4199,124.4199,124.4199,124.4199,100,2024-04-05 12:29:00-04:00
124.37,124.37,124.37,124.37,200,2024-04-05 12:30:00-04:00
124.34,124.37,124.34,124.37,200,2024-04-05 12:31:00-04:00
124.35,124.35,124.29,124.29,301,2024-04-05 12:32:00-04:00
124.29,124.29,124.29,124.29,100,2024-04-05 12:33:00-04:00
124.35,124.35,124.35,124.35,100,2024-04-05 12:34:00-04:00
124.36,124.37,124.3377,124.37,368,2024-04-05 12:36:00-04:00
124.39,124.39,124.37,124.37,402,2024-04-05 12:37:00-04:00
124.4,124.4,124.4,124.4,100,2024-04-05 12:38:00-04:00
124.42,124.46,124.42,124.46,200,2024-04-05 12:39:00-04:00
124.465,124.465,124.4,124.4,500,2024-04-05 12:40:00-04:00
124.385,124.385,124.385,124.385,100,2024-04-05 12:41:00-04:00
124.39,124.41,124.39,124.41,300,2024-04-05 12:43:00-04:00
124.39,124.39,124.39,124.39,100,2024-04-05 12:45:00-04:00
124.43,124.45,124.41,124.44,1200,2024-04-05 12:46:00-04:00
124.45,124.45,124.43,124.43,300,2024-04-05 12:47:00-04:00
124.405,124.4096,124.405,124.4096,501,2024-04-05 12:48:00-04:00
124.39,124.39,124.37,124.37,300,2024-04-05 12:49:00-04:00
124.4,124.43,124.4,124.4125,300,2024-04-05 12:50:00-04:00
124.435,124.48,124.435,124.48,400,2024-04-05 12:52:00-04:00
124.51,124.51,124.48,124.49,1062,2024-04-05 12:53:00-04:00
124.535,124.57,124.535,124.57,200,2024-04-05 12:54:00-04:00
124.58,124.58,124.52,124.52,500,2024-04-05 12:55:00-04:00
124.54,124.61,124.54,124.61,400,2024-04-05 12:57:00-04:00
124.58,124.58,124.58,124.58,200,2024-04-05 12:58:00-04:00
124.64,124.705,124.64,124.705,200,2024-04-05 12:59:00-04:00
124.66,124.66,124.655,124.655,234,2024-04-05 13:00:00-04:00
124.62,124.62,124.56,124.58,1701,2024-04-05 13:01:00-04:00
124.54,124.56,124.54,124.56,200,2024-04-05 13:02:00-04:00
124.56,124.65,124.555,124.65,997,2024-04-05 13:03:00-04:00
124.63,124.65,124.63,124.65,200,2024-04-05 13:05:00-04:00
124.61,124.61,124.58,124.6,831,2024-04-05 13:06:00-04:00
124.58,124.58,124.47,124.47,1097,2024-04-05 13:07:00-04:00
124.44,124.47,124.43,124.47,700,2024-04-05 13:08:00-04:00
124.485,124.485,124.485,124.485,100,2024-04-05 13:11:00-04:00
124.43,124.43,124.38,124.38,200,2024-04-05 13:13:00-04:00
124.38,124.38,124.38,124.38,100,2024-04-05 13:14:00-04:00
124.37,124.37,124.37,124.37,100,2024-04-05 13:15:00-04:00
124.345,124.345,124.345,124.345,100,2024-04-05 13:18:00-04:00
124.42,124.42,124.42,124.42,200,2024-04-05 13:20:00-04:00
124.485,124.485,124.43,124.44,300,2024-04-05 13:22:00-04:00
124.43,124.44,124.43,124.43,618,2024-04-05 13:23:00-04:00
124.48,124.48,124.47,124.47,300,2024-04-05 13:24:00-04:00
124.48,124.48,124.455,124.455,200,2024-04-05 13:25:00-04:00
124.44,124.44,124.39,124.39,1098,2024-04-05 13:28:00-04:00
124.47,124.475,124.47,124.475,300,2024-04-05 13:29:00-04:00
124.46,124.49,124.46,124.49,300,2024-04-05 13:30:00-04:00
124.5,124.6,124.5,124.6,803,2024-04-05 13:33:00-04:00
124.6,124.6,124.6,124.6,200,2024-04-05 13:34:00-04:00
124.6,124.6,124.56,124.56,600,2024-04-05 13:35:00-04:00
124.6,124.6,124.5918,124.5918,500,2024-04-05 13:36:00-04:00
124.53,124.55,124.53,124.53,500,2024-04-05 13:37:00-04:00
124.51,124.53,124.485,124.49,728,2024-04-05 13:38:00-04:00
124.47,124.47,124.47,124.47,100,2024-04-05 13:39:00-04:00
124.46,124.47,124.46,124.465,404,2024-04-05 13:40:00-04:00
124.415,124.415,124.415,124.415,100,2024-04-05 13:41:00-04:00
124.38,124.38,124.37,124.37,200,2024-04-05 13:42:00-04:00
124.27,124.28,124.27,124.28,400,2024-04-05 13:44:00-04:00
124.22,124.22,124.215,124.215,200,2024-04-05 13:45:00-04:00
124.12,124.12,124.12,124.12,200,2024-04-05 13:47:00-04:00
124.125,124.22,124.125,124.22,800,2024-04-05 13:48:00-04:00
124.14,124.14,124.14,124.14,300,2024-04-05 13:50:00-04:00
124.08,124.11,124.06,124.06,552,2024-04-05 13:52:00-04:00
124.025,124.025,124.025,124.025,200,2024-04-05 13:53:00-04:00
124.025,124.025,124.0,124.0,800,2024-04-05 13:54:00-04:00
124.01,124.12,124.0,124.07,1000,2024-04-05 13:55:00-04:00
124.105,124.19,124.1,124.1,945,2024-04-05 13:56:00-04:00
124.09,124.09,124.09,124.09,100,2024-04-05 13:57:00-04:00
123.89,123.89,123.88,123.88,201,2024-04-05 13:58:00-04:00
123.95,123.95,123.87,123.87,400,2024-04-05 14:01:00-04:00
123.88,123.88,123.88,123.88,100,2024-04-05 14:02:00-04:00
123.92,123.93,123.92,123.92,300,2024-04-05 14:04:00-04:00
124.01,124.035,123.955,124.0,703,2024-04-05 14:05:00-04:00
124.42,124.42,124.42,124.42,100,2024-04-05 14:09:00-04:00
124.425,124.425,124.425,124.425,100,2024-04-05 14:10:00-04:00
124.45,124.45,124.45,124.45,500,2024-04-05 14:11:00-04:00
124.445,124.48,124.42,124.47,3214,2024-04-05 14:12:00-04:00
124.51,124.515,124.51,124.515,200,2024-04-05 14:13:00-04:00
124.58,124.69,124.54,124.57,8322,2024-04-05 14:14:00-04:00
124.51,124.51,124.51,124.51,100,2024-04-05 14:17:00-04:00
124.55,124.55,124.55,124.55,100,2024-04-05 14:19:00-04:00
124.6,124.66,124.6,124.66,468,2024-04-05 14:20:00-04:00
124.7095,124.75,124.7095,124.75,252,2024-04-05 14:21:00-04:00
124.73,124.77,124.72,124.72,400,2024-04-05 14:22:00-04:00
124.67,124.67,124.67,124.67,100,2024-04-05 14:23:00-04:00
124.63,124.63,124.62,124.62,200,2024-04-05 14:24:00-04:00
124.57,124.57,124.57,124.57,241,2024-04-05 14:25:00-04:00
124.63,124.63,124.63,124.63,100,2024-04-05 14:26:00-04:00
124.63,124.63,124.52,124.52,400,2024-04-05 14:28:00-04:00
124.4,124.4,124.4,124.4,100,2024-04-05 14:29:00-04:00
124.49,124.49,124.41,124.41,313,2024-04-05 14:30:00-04:00
124.4,124.4,124.4,124.4,100,2024-04-05 14:32:00-04:00
124.475,124.475,124.475,124.475,100,2024-04-05 14:36:00-04:00
124.51,124.52,124.51,124.52,305,2024-04-05 14:37:00-04:00
124.48,124.48,124.47,124.47,200,2024-04-05 14:38:00-04:00
124.55,124.62,124.55,124.62,733,2024-04-05 14:40:00-04:00
124.57,124.57,124.48,124.48,700,2024-04-05 14:41:00-04:00
124.43,124.43,124.43,124.43,213,2024-04-05 14:42:00-04:00
124.37,124.44,124.37,124.44,300,2024-04-05 14:43:00-04:00
124.49,124.49,124.49,124.49,101,2024-04-05 14:44:00-04:00
124.4,124.4,124.4,124.4,100,2024-04-05 14:46:00-04:00
124.38,124.4,124.3391,124.3391,630,2024-04-05 14:47:00-04:00
124.29,124.29,124.28,124.28,200,2024-04-05 14:48:00-04:00
124.29,124.29,124.23,124.23,300,2024-04-05 14:49:00-04:00
124.22,124.26,124.22,124.26,219,2024-04-05 14:50:00-04:00
124.21,124.21,124.17,124.17,300,2024-04-05 14:51:00-04:00
124.19,124.2137,124.19,124.2137,427,2024-04-05 14:52:00-04:00
124.2,124.27,124.2,124.27,300,2024-04-05 14:53:00-04:00
124.29,124.29,124.29,124.29,100,2024-04-05 14:54:00-04:00
124.25,124.25,124.235,124.235,436,2024-04-05 14:55:00-04:00
124.18,124.255,124.15,124.25,901,2024-04-05 14:57:00-04:00
124.26,124.32,124.26,124.32,200,2024-04-05 14:59:00-04:00
124.36,124.415,124.36,124.415,300,2024-04-05 15:00:00-04:00
124.45,124.45,124.39,124.39,400,2024-04-05 15:01:00-04:00
124.415,124.415,124.4,124.4,200,2024-04-05 15:03:00-04:00
124.41,124.49,124.41,124.49,432,2024-04-05 15:04:00-04:00
124.505,124.535,124.505,124.51,500,2024-04-05 15:05:00-04:00
124.51,124.6,124.504,124.6,665,2024-04-05 15:06:00-04:00
124.57,124.57,124.56,124.56,200,2024-04-05 15:07:00-04:00
124.52,124.53,124.37,124.45,1200,2024-04-05 15:08:00-04:00
124.44,124.44,124.44,124.44,100,2024-04-05 15:09:00-04:00
124.435,124.445,124.435,124.445,200,2024-04-05 15:10:00-04:00
124.475,124.475,124.44,124.44,200,2024-04-05 15:11:00-04:00
124.42,124.42,124.39,124.39,200,2024-04-05 15:12:00-04:00
124.415,124.415,124.415,124.415,100,2024-04-05 15:13:00-04:00
124.4691,124.515,124.4691,124.515,300,2024-04-05 15:14:00-04:00
124.54,124.54,124.49,124.49,312,2024-04-05 15:15:00-04:00
124.4928,124.4928,124.44,124.44,277,2024-04-05 15:16:00-04:00
124.455,124.47,124.43,124.43,511,2024-04-05 15:17:00-04:00
124.4511,124.4511,124.4511,124.4511,140,2024-04-05 15:18:00-04:00
124.55,124.55,124.49,124.51,510,2024-04-05 15:20:00-04:00
124.47,124.47,124.45,124.465,615,2024-04-05 15:21:00-04:00
124.49,124.51,124.44,124.44,600,2024-04-05 15:22:00-04:00
124.43,124.43,124.4,124.4,700,2024-04-05 15:23:00-04:00
124.405,124.44,124.4,124.4,300,2024-04-05 15:24:00-04:00
124.42,124.42,124.42,124.42,100,2024-04-05 15:25:00-04:00
124.41,124.41,124.39,124.39,500,2024-04-05 15:26:00-04:00
124.41,124.41,124.39,124.39,900,2024-04-05 15:27:00-04:00
124.415,124.415,124.415,124.415,100,2024-04-05 15:28:00-04:00
124.47,124.49,124.47,124.49,500,2024-04-05 15:29:00-04:00
124.47,124.48,124.44,124.44,500,2024-04-05 15:30:00-04:00
124.495,124.54,124.495,124.51,500,2024-04-05 15:31:00-04:00
124.54,124.54,124.51,124.54,523,2024-04-05 15:32:00-04:00
124.58,124.63,124.57,124.63,400,2024-04-05 15:33:00-04:00
124.66,124.8,124.66,124.785,1226,2024-04-05 15:34:00-04:00
124.76,124.76,124.59,124.59,1810,2024-04-05 15:35:00-04:00
124.56,124.575,124.55,124.55,556,2024-04-05 15:36:00-04:00
124.45,124.45,124.42,124.42,500,2024-04-05 15:37:00-04:00
124.3734,124.3734,124.3734,124.3734,183,2024-04-05 15:38:00-04:00
124.4,124.41,124.355,124.355,760,2024-04-05 15:39:00-04:00
124.36,124.36,124.35,124.35,200,2024-04-05 15:40:00-04:00
124.38,124.38,124.345,124.36,430,2024-04-05 15:41:00-04:00
124.33,124.33,124.175,124.175,918,2024-04-05 15:42:00-04:00
124.21,124.28,124.19,124.24,889,2024-04-05 15:43:00-04:00
124.26,124.26,124.21,124.21,300,2024-04-05 15:44:00-04:00
124.19,124.35,124.19,124.32,800,2024-04-05 15:45:00-04:00
124.305,124.36,124.295,124.36,554,2024-04-05 15:46:00-04:00
124.42,124.45,124.395,124.42,1000,2024-04-05 15:47:00-04:00
124.43,124.46,124.41,124.43,1521,2024-04-05 15:48:00-04:00
124.4,124.49,124.37,124.4625,1749,2024-04-05 15:49:00-04:00
124.49,124.495,124.43,124.495,800,2024-04-05 15:50:00-04:00
124.44,124.51,124.43,124.5,2780,2024-04-05 15:51:00-04:00
124.5,124.56,124.5,124.56,1755,2024-04-05 15:52:00-04:00
124.59,124.7,124.59,124.7,2137,2024-04-05 15:53:00-04:00
124.7,124.73,124.6701,124.73,2531,2024-04-05 15:54:00-04:00
124.79,124.81,124.74,124.75,3610,2024-04-05 15:55:00-04:00
124.73,124.82,124.71,124.725,4473,2024-04-05 15:56:00-04:00
124.75,124.82,124.73,124.73,3541,2024-04-05 15:57:00-04:00
124.72,124.73,124.57,124.57,4591,2024-04-05 15:58:00-04:00
124.56,124.65,124.48,124.56,15695,2024-04-05 15:59:00-04:00
124.58,124.58,124.58,124.58,122020,2024-04-05 16:00:00-04:00
125.63,125.79,125.63,125.79,550,2024-04-08 09:29:00-04:00
125.5,125.78,125.5,125.75,8102,2024-04-08 09:30:00-04:00
125.385,125.385,125.385,125.385,200,2024-04-08 09:31:00-04:00
125.89,126.25,125.83,126.2,1999,2024-04-08 09:32:00-04:00
125.865,125.865,125.865,125.865,100,2024-04-08 09:34:00-04:00
126.0,126.0,126.0,126.0,476,2024-04-08 09:35:00-04:00
125.95,125.96,125.765,125.96,870,2024-04-08 09:38:00-04:00
126.24,126.38,126.24,126.26,800,2024-04-08 09:39:00-04:00
126.24,126.33,126.24,126.33,235,2024-04-08 09:40:00-04:00
126.07,126.245,126.07,126.245,965,2024-04-08 09:41:00-04:00
126.075,126.075,126.075,126.075,100,2024-04-08 09:42:00-04:00
126.095,126.17,125.97,125.97,1771,2024-04-08 09:43:00-04:00
125.91,126.09,125.9,125.99,500,2024-04-08 09:44:00-04:00
126.09,126.17,126.01,126.17,1000,2024-04-08 09:45:00-04:00
126.115,126.225,126.115,126.225,1441,2024-04-08 09:46:00-04:00
126.21,126.21,126.21,126.21,120,2024-04-08 09:47:00-04:00
126.1,126.1,126.06,126.1,813,2024-04-08 09:48:00-04:00
126.12,126.1824,125.9,125.9,427,2024-04-08 09:49:00-04:00
125.88,125.88,125.88,125.88,100,2024-04-08 09:50:00-04:00
125.8,125.9,125.8,125.9,1100,2024-04-08 09:51:00-04:00
125.78,125.78,125.78,125.78,233,2024-04-08 09:52:00-04:00
125.67,125.67,125.67,125.67,100,2024-04-08 09:54:00-04:00
125.58,125.65,125.55,125.55,1015,2024-04-08 09:55:00-04:00
125.52,125.52,125.52,125.52,100,2024-04-08 09:57:00-04:00
125.5,125.51,125.455,125.455,450,2024-04-08 09:58:00-04:00
125.585,125.585,125.585,125.585,426,2024-04-08 09:59:00-04:00
125.55,125.55,125.35,125.45,1610,2024-04-08 10:00:00-04:00
125.52,125.58,125.5,125.5675,1608,2024-04-08 10:01:00-04:00
125.645,125.68,125.63,125.65,400,2024-04-08 10:02:00-04:00
125.6,125.61,125.55,125.55,500,2024-04-08 10:03:00-04:00
125.53,125.53,125.53,125.53,500,2024-04-08 10:04:00-04:00
125.58,125.58,125.38,125.38,1975,2024-04-08 10:05:00-04:00
125.52,125.52,125.52,125.52,100,2024-04-08 10:06:00-04:00
125.57,125.62,125.57,125.62,704,2024-04-08 10:07:00-04:00
125.68,125.71,125.67,125.71,600,2024-04-08 10:09:00-04:00
125.75,125.79,125.75,125.79,919,2024-04-08 10:11:00-04:00
125.76,125.82,125.75,125.82,760,2024-04-08 10:13:00-04:00
125.79,125.79,125.71,125.71,701,2024-04-08 10:15:00-04:00
125.66,125.73,125.64,125.675,1200,2024-04-08 10:16:00-04:00
125.67,125.75,125.645,125.75,1537,2024-04-08 10:17:00-04:00
125.8,125.8,125.7,125.7,500,2024-04-08 10:18:00-04:00
125.85,125.9,125.775,125.78,3317,2024-04-08 10:20:00-04:00
125.66,125.66,125.6,125.6,5785,2024-04-08 10:22:00-04:00
125.6,125.6,125.6,125.6,450,2024-04-08 10:23:00-04:00
125.6,125.6,125.52,125.52,2882,2024-04-08 10:24:00-04:00
125.6,125.74,125.6,125.74,2984,2024-04-08 10:25:00-04:00
125.72,125.915,125.715,125.915,1265,2024-04-08 10:26:00-04:00
125.86,125.915,125.86,125.915,200,2024-04-08 10:27:00-04:00
125.89,125.89,125.78,125.86,1551,2024-04-08 10:28:00-04:00
125.77,125.77,125.77,125.77,200,2024-04-08 10:29:00-04:00
125.77,125.77,125.76,125.76,400,2024-04-08 10:30:00-04:00
125.72,125.72,125.67,125.67,400,2024-04-08 10:31:00-04:00
126.15,126.15,126.15,126.15,124,2024-04-08 10:33:00-04:00
126.07,126.12,125.97,125.97,2404,2024-04-08 10:34:00-04:00
126.08,126.08,126.08,126.08,530,2024-04-08 10:36:00-04:00
126.08,126.09,126.08,126.09,1370,2024-04-08 10:37:00-04:00
126.115,126.2,126.115,126.2,614,2024-04-08 10:38:00-04:00
126.14,126.23,126.14,126.21,901,2024-04-08 10:39:00-04:00
126.3,126.3,126.3,126.3,131,2024-04-08 10:41:00-04:00
126.36,126.37,126.36,126.37,200,2024-04-08 10:42:00-04:00
126.38,126.38,126.38,126.38,100,2024-04-08 10:43:00-04:00
126.56,126.56,126.56,126.56,100,2024-04-08 10:44:00-04:00
126.57,126.57,126.54,126.545,400,2024-04-08 10:45:00-04:00
126.63,126.63,126.57,126.57,300,2024-04-08 10:46:00-04:00
126.565,126.565,126.565,126.565,205,2024-04-08 10:47:00-04:00
126.6,126.6,126.6,126.6,100,2024-04-08 10:48:00-04:00
126.51,126.51,126.44,126.475,2903,2024-04-08 10:49:00-04:00
126.55,126.6299,126.55,126.57,1001,2024-04-08 10:50:00-04:00
126.61,126.61,126.505,126.505,2307,2024-04-08 10:52:00-04:00
126.505,126.505,126.45,126.45,500,2024-04-08 10:53:00-04:00
126.55,126.55,126.55,126.55,400,2024-04-08 10:55:00-04:00
126.49,126.545,126.47,126.545,400,2024-04-08 10:56:00-04:00
126.65,126.65,126.65,126.65,100,2024-04-08 10:57:00-04:00
126.6,126.635,126.5,126.5,1300,2024-04-08 10:58:00-04:00
126.61,126.61,126.61,126.61,100,2024-04-08 10:59:00-04:00
126.6,126.6,126.55,126.5694,466,2024-04-08 11:00:00-04:00
126.71,126.75,126.71,126.75,700,2024-04-08 11:01:00-04:00
126.8,126.8,126.72,126.78,1500,2024-04-08 11:02:00-04:00
126.69,126.69,126.645,126.645,903,2024-04-08 11:03:00-04:00
126.72,126.72,126.72,126.72,501,2024-04-08 11:04:00-04:00
126.68,126.76,126.68,126.76,882,2024-04-08 11:06:00-04:00
126.82,126.87,126.82,126.83,423,2024-04-08 11:08:00-04:00
126.88,126.89,126.84,126.89,1962,2024-04-08 11:09:00-04:00
126.865,126.9,126.865,126.9,849,2024-04-08 11:11:00-04:00
126.83,126.83,126.79,126.79,500,2024-04-08 11:12:00-04:00
126.82,126.82,126.82,126.82,100,2024-04-08 11:13:00-04:00
126.84,126.84,126.68,126.68,2911,2024-04-08 11:15:00-04:00
126.72,126.72,126.72,126.72,100,2024-04-08 11:16:00-04:00
126.66,126.66,126.66,126.66,100,2024-04-08 11:18:00-04:00
126.73,126.73,126.73,126.73,100,2024-04-08 11:19:00-04:00
126.68,126.68,126.68,126.68,700,2024-04-08 11:20:00-04:00
126.72,126.72,126.6539,126.6539,200,2024-04-08 11:22:00-04:00
126.64,126.67,126.62,126.62,800,2024-04-08 11:24:00-04:00
126.59,126.61,126.59,126.61,200,2024-04-08 11:25:00-04:00
126.59,126.59,126.52,126.52,733,2024-04-08 11:26:00-04:00
126.55,126.56,126.515,126.515,1635,2024-04-08 11:28:00-04:00
126.47,126.47,126.42,126.44,1411,2024-04-08 11:30:00-04:00
126.485,126.485,126.485,126.485,100,2024-04-08 11:31:00-04:00
126.485,126.49,126.485,126.49,400,2024-04-08 11:32:00-04:00
126.49,126.49,126.4,126.43,1919,2024-04-08 11:33:00-04:00
126.43,126.48,126.4,126.445,1930,2024-04-08 11:34:00-04:00
126.39,126.415,126.39,126.415,200,2024-04-08 11:35:00-04:00
126.38,126.385,126.21,126.25,2403,2024-04-08 11:36:00-04:00
126.24,126.26,126.22,126.22,300,2024-04-08 11:37:00-04:00
126.205,126.255,126.14,126.19,1000,2024-04-08 11:38:00-04:00
126.15,126.33,126.15,126.31,1973,2024-04-08 11:39:00-04:00
126.22,126.27,126.22,126.27,400,2024-04-08 11:40:00-04:00
126.24,126.24,126.24,126.24,100,2024-04-08 11:42:00-04:00
126.33,126.35,126.29,126.325,600,2024-04-08 11:43:00-04:00
126.37,126.37,126.37,126.37,300,2024-04-08 11:44:00-04:00
126.31,126.325,126.28,126.325,1345,2024-04-08 11:45:00-04:00
126.35,126.35,126.345,126.345,200,2024-04-08 11:46:00-04:00
126.38,126.38,126.38,126.38,100,2024-04-08 11:47:00-04:00
126.44,126.44,126.4,126.42,929,2024-04-08 11:49:00-04:00
126.47,126.47,126.45,126.45,200,2024-04-08 11:51:00-04:00
126.45,126.45,126.4,126.4,1600,2024-04-08 11:52:00-04:00
126.36,126.385,126.36,126.38,400,2024-04-08 11:53:00-04:00
126.42,126.42,126.42,126.42,400,2024-04-08 11:54:00-04:00
126.41,126.41,126.34,126.34,1310,2024-04-08 11:55:00-04:00
126.31,126.31,126.15,126.18,1780,2024-04-08 11:56:00-04:00
126.25,126.3,126.25,126.3,600,2024-04-08 11:57:00-04:00
126.27,126.27,126.26,126.26,200,2024-04-08 11:58:00-04:00
126.32,126.32,126.275,126.2925,900,2024-04-08 11:59:00-04:00
126.26,126.26,126.165,126.165,1000,2024-04-08 12:00:00-04:00
126.12,126.12,126.06,126.06,200,2024-04-08 12:01:00-04:00
126.14,126.14,126.14,126.14,200,2024-04-08 12:02:00-04:00
126.18,126.24,126.18,126.24,500,2024-04-08 12:03:00-04:00
126.26,126.3,126.26,126.3,200,2024-04-08 12:04:00-04:00
126.27,126.27,126.21,126.21,900,2024-04-08 12:05:00-04:00
126.23,126.23,126.23,126.23,100,2024-04-08 12:06:00-04:00
126.25,126.25,126.25,126.25,600,2024-04-08 12:07:00-04:00
126.31,126.31,126.28,126.28,804,2024-04-08 12:08:00-04:00
126.3191,126.32,126.26,126.26,764,2024-04-08 12:09:00-04:00
126.31,126.31,126.265,126.265,500,2024-04-08 12:10:00-04:00
126.32,126.32,126.32,126.32,100,2024-04-08 12:11:00-04:00
126.32,126.35,126.295,126.35,419,2024-04-08 12:12:00-04:00
126.355,126.355,126.27,126.27,1508,2024-04-08 12:13:00-04:00
126.22,126.22,126.19,126.21,400,2024-04-08 12:15:00-04:00
126.19,126.2,126.19,126.2,200,2024-04-08 12:16:00-04:00
126.205,126.25,126.205,126.25,500,2024-04-08 12:17:00-04:00
126.265,126.265,126.265,126.265,100,2024-04-08 12:18:00-04:00
126.2375,126.2375,126.2375,126.2375,100,2024-04-08 12:19:00-04:00
126.26,126.26,126.26,126.26,200,2024-04-08 12:20:00-04:00
126.265,126.34,126.265,126.34,700,2024-04-08 12:21:00-04:00
126.36,126.41,126.35,126.41,3787,2024-04-08 12:22:00-04:00
126.41,126.49,126.41,126.49,400,2024-04-08 12:23:00-04:00
126.43,126.43,126.41,126.41,1807,2024-04-08 12:24:00-04:00
126.435,126.465,126.435,126.46,300,2024-04-08 12:25:00-04:00
126.42,126.465,126.4,126.465,1264,2024-04-08 12:26:00-04:00
126.47,126.55,126.47,126.535,1100,2024-04-08 12:27:00-04:00
126.53,126.53,126.53,126.53,100,2024-04-08 12:29:00-04:00
126.55,126.55,126.47,126.49,1801,2024-04-08 12:30:00-04:00
126.46,126.48,126.46,126.48,600,2024-04-08 12:31:00-04:00
126.46,126.49,126.455,126.49,302,2024-04-08 12:33:00-04:00
126.5,126.5,126.5,126.5,100,2024-04-08 12:34:00-04:00
126.54,126.54,126.54,126.54,100,2024-04-08 12:37:00-04:00
126.52,126.52,126.52,126.52,317,2024-04-08 12:38:00-04:00
126.57,126.57,126.57,126.57,100,2024-04-08 12:39:00-04:00
126.52,126.56,126.52,126.56,1564,2024-04-08 12:40:00-04:00
126.55,126.6,126.55,126.6,700,2024-04-08 12:41:00-04:00
126.62,126.7,126.62,126.7,500,2024-04-08 12:43:00-04:00
126.695,126.695,126.57,126.57,2158,2024-04-08 12:44:00-04:00
126.5421,126.56,126.5421,126.56,257,2024-04-08 12:45:00-04:00
126.55,126.55,126.51,126.525,1108,2024-04-08 12:46:00-04:00
126.565,126.565,126.53,126.53,200,2024-04-08 12:47:00-04:00
126.55,126.55,126.55,126.55,300,2024-04-08 12:48:00-04:00
126.53,126.53,126.5,126.5,859,2024-04-08 12:49:00-04:00
126.515,126.515,126.475,126.475,490,2024-04-08 12:50:00-04:00
126.485,126.485,126.485,126.485,200,2024-04-08 12:51:00-04:00
126.52,126.52,126.485,126.49,600,2024-04-08 12:52:00-04:00
126.51,126.53,126.48,126.48,1400,2024-04-08 12:53:00-04:00
126.46,126.46,126.38,126.395,1399,2024-04-08 12:54:00-04:00
126.41,126.41,126.4,126.4,200,2024-04-08 12:55:00-04:00
126.38,126.43,126.36,126.4,2000,2024-04-08 12:56:00-04:00
126.44,126.4752,126.44,126.4752,461,2024-04-08 12:57:00-04:00
126.51,126.5199,126.51,126.5199,280,2024-04-08 12:58:00-04:00
126.505,126.505,126.505,126.505,100,2024-04-08 12:59:00-04:00
126.51,126.51,126.43,126.43,1300,2024-04-08 13:00:00-04:00
126.46,126.48,126.46,126.48,400,2024-04-08 13:01:00-04:00
126.51,126.51,126.46,126.46,442,2024-04-08 13:03:00-04:00
126.5,126.5,126.45,126.45,920,2024-04-08 13:04:00-04:00
126.49,126.51,126.49,126.49,700,2024-04-08 13:05:00-04:00
126.4775,126.485,126.4775,126.485,200,2024-04-08 13:06:00-04:00
126.52,126.52,126.51,126.51,400,2024-04-08 13:07:00-04:00
126.55,126.55,126.535,126.535,609,2024-04-08 13:08:00-04:00
126.54,126.56,126.54,126.56,200,2024-04-08 13:09:00-04:00
126.51,126.51,126.46,126.51,1450,2024-04-08 13:10:00-04:00
126.57,126.57,126.5522,126.57,300,2024-04-08 13:11:00-04:00
126.58,126.58,126.555,126.555,1100,2024-04-08 13:12:00-04:00
126.55,126.555,126.55,126.555,300,2024-04-08 13:13:00-04:00
126.55,126.55,126.55,126.55,100,2024-04-08 13:14:00-04:00
126.55,126.55,126.55,126.55,300,2024-04-08 13:15:00-04:00
126.5304,126.5304,126.51,126.53,585,2024-04-08 13:16:00-04:00
126.55,126.55,126.55,126.55,100,2024-04-08 13:17:00-04:00
126.545,126.57,126.545,126.57,405,2024-04-08 13:18:00-04:00
126.57,126.57,126.57,126.57,200,2024-04-08 13:19:00-04:00
126.57,126.57,126.48,126.48,1702,2024-04-08 13:20:00-04:00
126.47,126.52,126.47,126.52,500,2024-04-08 13:21:00-04:00
126.54,126.62,126.54,126.62,317,2024-04-08 13:22:00-04:00
126.64,126.66,126.625,126.625,300,2024-04-08 13:23:00-04:00
126.61,126.61,126.58,126.58,1000,2024-04-08 13:24:00-04:00
126.5214,126.5214,126.5214,126.5214,200,2024-04-08 13:25:00-04:00
126.535,126.535,126.535,126.535,200,2024-04-08 13:26:00-04:00
126.56,126.56,126.56,126.56,400,2024-04-08 13:27:00-04:00
126.56,126.64,126.56,126.64,400,2024-04-08 13:28:00-04:00
126.645,126.645,126.645,126.645,200,2024-04-08 13:29:00-04:00
126.64,126.6534,126.565,126.59,2693,2024-04-08 13:30:00-04:00
126.62,126.62,126.5901,126.62,320,2024-04-08 13:32:00-04:00
126.72,126.72,126.72,126.72,100,2024-04-08 13:33:00-04:00
126.75,126.755,126.75,126.755,200,2024-04-08 13:34:00-04:00
126.77,126.77,126.77,126.77,100,2024-04-08 13:35:00-04:00
126.75,126.78,126.75,126.78,1967,2024-04-08 13:36:00-04:00
126.75,126.81,126.71,126.72,2386,2024-04-08 13:37:00-04:00
126.7381,126.74,126.7,126.7,613,2024-04-08 13:38:00-04:00
126.74,126.74,126.74,126.74,507,2024-04-08 13:40:00-04:00
126.75,126.75,126.75,126.75,100,2024-04-08 13:41:00-04:00
126.76,126.79,126.76,126.79,400,2024-04-08 13:42:00-04:00
126.8,126.8,126.77,126.77,700,2024-04-08 13:43:00-04:00
126.77,126.77,126.75,126.75,705,2024-04-08 13:44:00-04:00
126.72,126.77,126.64,126.64,3905,2024-04-08 13:45:00-04:00
126.65,126.65,126.65,126.65,200,2024-04-08 13:46:00-04:00
126.6869,126.6869,126.6869,126.6869,100,2024-04-08 13:47:00-04:00
126.685,126.695,126.68,126.68,513,2024-04-08 13:48:00-04:00
126.685,126.685,126.685,126.685,200,2024-04-08 13:49:00-04:00
126.68,126.72,126.68,126.72,400,2024-04-08 13:50:00-04:00
126.69,126.7,126.68,126.7,1200,2024-04-08 13:51:00-04:00
126.72,126.75,126.72,126.7425,500,2024-04-08 13:52:00-04:00
126.78,126.78,126.76,126.76,734,2024-04-08 13:53:00-04:00
126.78,126.78,126.67,126.7293,2560,2024-04-08 13:54:00-04:00
126.67,126.68,126.66,126.68,916,2024-04-08 13:55:00-04:00
126.71,126.75,126.685,126.75,861,2024-04-08 13:56:00-04:00
126.76,126.76,126.73,126.73,322,2024-04-08 13:57:00-04:00
126.695,126.7,126.695,126.7,300,2024-04-08 13:58:00-04:00
126.71,126.75,126.71,126.73,1601,2024-04-08 13:59:00-04:00
126.73,126.73,126.725,126.725,300,2024-04-08 14:00:00-04:00
126.68,126.73,126.68,126.68,300,2024-04-08 14:01:00-04:00
126.66,126.66,126.56,126.57,1901,2024-04-08 14:02:00-04:00
126.53,126.53,126.49,126.53,1000,2024-04-08 14:03:00-04:00
126.49,126.49,126.49,126.49,100,2024-04-08 14:04:00-04:00
126.52,126.52,126.52,126.52,100,2024-04-08 14:05:00-04:00
126.52,126.575,126.52,126.575,400,2024-04-08 14:06:00-04:00
126.63,126.66,126.62,126.62,500,2024-04-08 14:07:00-04:00
126.62,126.62,126.62,126.62,317,2024-04-08 14:08:00-04:00
126.62,126.66,126.62,126.63,700,2024-04-08 14:09:00-04:00
126.645,126.645,126.63,126.63,300,2024-04-08 14:10:00-04:00
126.65,126.66,126.65,126.66,300,2024-04-08 14:11:00-04:00
126.65,126.65,126.65,126.65,200,2024-04-08 14:12:00-04:00
126.62,126.635,126.495,126.4975,1717,2024-04-08 14:13:00-04:00
126.49,126.54,126.49,126.54,705,2024-04-08 14:14:00-04:00
126.51,126.51,126.47,126.47,1000,2024-04-08 14:15:00-04:00
126.575,126.575,126.57,126.57,200,2024-04-08 14:16:00-04:00
126.57,126.57,126.57,126.57,100,2024-04-08 14:17:00-04:00
126.55,126.55,126.53,126.535,700,2024-04-08 14:18:00-04:00
126.52,126.52,126.42,126.42,801,2024-04-08 14:19:00-04:00
126.425,126.425,126.41,126.41,300,2024-04-08 14:20:00-04:00
126.415,126.415,126.415,126.415,100,2024-04-08 14:21:00-04:00
126.42,126.42,126.39,126.39,673,2024-04-08 14:22:00-04:00
126.37,126.37,126.36,126.36,401,2024-04-08 14:23:00-04:00
126.34,126.34,126.315,126.315,400,2024-04-08 14:24:00-04:00
126.315,126.32,126.315,126.32,200,2024-04-08 14:25:00-04:00
126.38,126.405,126.38,126.39,500,2024-04-08 14:26:00-04:00
126.44,126.44,126.4,126.4,300,2024-04-08 14:27:00-04:00
126.36,126.37,126.31,126.31,500,2024-04-08 14:28:00-04:00
126.26,126.26,126.22,126.22,900,2024-04-08 14:29:00-04:00
126.24,126.24,126.24,126.24,100,2024-04-08 14:30:00-04:00
126.22,126.22,126.22,126.22,200,2024-04-08 14:31:00-04:00
126.26,126.3,126.26,126.3,200,2024-04-08 14:33:00-04:00
126.305,126.305,126.305,126.305,100,2024-04-08 14:34:00-04:00
126.33,126.33,126.33,126.33,231,2024-04-08 14:35:00-04:00
126.41,126.41,126.41,126.41,100,2024-04-08 14:36:00-04:00
126.4,126.4,126.38,126.39,700,2024-04-08 14:37:00-04:00
126.41,126.41,126.32,126.32,900,2024-04-08 14:38:00-04:00
126.32,126.33,126.32,126.33,400,2024-04-08 14:39:00-04:00
126.365,126.365,126.365,126.365,100,2024-04-08 14:40:00-04:00
126.41,126.41,126.39,126.39,200,2024-04-08 14:41:00-04:00
126.4,126.43,126.4,126.43,200,2024-04-08 14:42:00-04:00
126.42,126.43,126.41,126.43,900,2024-04-08 14:43:00-04:00
126.445,126.445,126.445,126.445,100,2024-04-08 14:44:00-04:00
126.45,126.5,126.45,126.5,200,2024-04-08 14:45:00-04:00
126.43,126.43,126.41,126.415,868,2024-04-08 14:46:00-04:00
126.41,126.42,126.4,126.42,600,2024-04-08 14:47:00-04:00
126.46,126.46,126.46,126.46,100,2024-04-08 14:48:00-04:00
126.455,126.455,126.455,126.455,100,2024-04-08 14:49:00-04:00
126.41,126.41,126.33,126.355,1120,2024-04-08 14:50:00-04:00
126.355,126.38,126.355,126.36,819,2024-04-08 14:51:00-04:00
126.31,126.31,126.28,126.28,400,2024-04-08 14:52:00-04:00
126.28,126.28,126.225,126.225,809,2024-04-08 14:53:00-04:00
126.25,126.25,126.21,126.22,601,2024-04-08 14:54:00-04:00
126.22,126.265,126.21,126.265,1102,2024-04-08 14:55:00-04:00
126.23,126.23,126.22,126.22,500,2024-04-08 14:56:00-04:00
126.18,126.18,126.17,126.17,300,2024-04-08 14:57:00-04:00
126.165,126.18,126.165,126.18,400,2024-04-08 14:58:00-04:00
126.15,126.21,126.15,126.21,1025,2024-04-08 14:59:00-04:00
126.232,126.232,126.19,126.19,1534,2024-04-08 15:00:00-04:00
126.21,126.26,126.21,126.26,1024,2024-04-08 15:01:00-04:00
126.27,126.38,126.27,126.35,886,2024-04-08 15:02:00-04:00
126.32,126.32,126.24,126.25,749,2024-04-08 15:03:00-04:00
126.265,126.29,126.24,126.29,870,2024-04-08 15:04:00-04:00
126.28,126.32,126.27,126.27,600,2024-04-08 15:05:00-04:00
126.29,126.29,126.22,126.22,1334,2024-04-08 15:06:00-04:00
126.26,126.26,126.22,126.22,301,2024-04-08 15:07:00-04:00
126.21,126.25,126.21,126.245,601,2024-04-08 15:08:00-04:00
126.26,126.36,126.26,126.36,1328,2024-04-08 15:09:00-04:00
126.37,126.38,126.36,126.36,680,2024-04-08 15:10:00-04:00
126.37,126.37,126.315,126.315,736,2024-04-08 15:11:00-04:00
126.31,126.31,126.2772,126.3,922,2024-04-08 15:12:00-04:00
126.28,126.295,126.28,126.28,699,2024-04-08 15:13:00-04:00
126.27,126.275,126.255,126.255,600,2024-04-08 15:14:00-04:00
126.24,126.24,126.19,126.24,1534,2024-04-08 15:15:00-04:00
126.2575,126.28,126.2575,126.28,307,2024-04-08 15:16:00-04:00
126.27,126.27,126.25,126.255,967,2024-04-08 15:17:00-04:00
126.25,126.315,126.25,126.305,900,2024-04-08 15:18:00-04:00
126.33,126.38,126.33,126.38,1100,2024-04-08 15:19:00-04:00
126.39,126.44,126.3775,126.4,1470,2024-04-08 15:20:00-04:00
126.43,126.43,126.42,126.42,200,2024-04-08 15:21:00-04:00
126.43,126.48,126.395,126.395,1669,2024-04-08 15:22:00-04:00
126.395,126.4,126.23,126.24,1501,2024-04-08 15:23:00-04:00
126.21,126.21,126.2,126.2,400,2024-04-08 15:24:00-04:00
126.22,126.25,126.22,126.25,404,2024-04-08 15:25:00-04:00
126.3,126.34,126.3,126.34,200,2024-04-08 15:26:00-04:00
126.36,126.37,126.34,126.37,500,2024-04-08 15:27:00-04:00
126.39,126.39,126.3853,126.39,1700,2024-04-08 15:28:00-04:00
126.36,126.36,126.255,126.3,5645,2024-04-08 15:29:00-04:00
126.29,126.3,126.285,126.2875,1110,2024-04-08 15:30:00-04:00
126.355,126.39,126.355,126.36,1036,2024-04-08 15:31:00-04:00
126.35,126.415,126.35,126.41,1100,2024-04-08 15:32:00-04:00
126.41,126.5525,126.41,126.5525,1300,2024-04-08 15:33:00-04:00
126.545,126.545,126.45,126.48,2221,2024-04-08 15:34:00-04:00
126.47,126.47,126.38,126.38,1104,2024-04-08 15:35:00-04:00
126.34,126.34,126.28,126.28,700,2024-04-08 15:36:00-04:00
126.28,126.29,126.23,126.23,1304,2024-04-08 15:37:00-04:00
126.225,126.225,126.165,126.165,900,2024-04-08 15:38:00-04:00
126.17,126.21,126.15,126.21,1007,2024-04-08 15:39:00-04:00
126.21,126.225,126.21,126.22,901,2024-04-08 15:40:00-04:00
126.225,126.295,126.14,126.14,2308,2024-04-08 15:41:00-04:00
126.15,126.18,126.085,126.085,3267,2024-04-08 15:42:00-04:00
126.06,126.135,126.045,126.12,3500,2024-04-08 15:43:00-04:00
126.1,126.11,126.06,126.09,1101,2024-04-08 15:44:00-04:00
126.1,126.18,126.1,126.18,1803,2024-04-08 15:45:00-04:00
126.215,126.25,126.195,126.23,1752,2024-04-08 15:46:00-04:00
126.23,126.23,126.2,126.205,1604,2024-04-08 15:47:00-04:00
126.345,126.345,126.28,126.32,2888,2024-04-08 15:48:00-04:00
126.33,126.44,126.33,126.44,1499,2024-04-08 15:49:00-04:00
126.4,126.4,126.27,126.27,4053,2024-04-08 15:50:00-04:00
126.27,126.4,126.26,126.37,3522,2024-04-08 15:51:00-04:00
126.35,126.35,126.285,126.32,3714,2024-04-08 15:52:00-04:00
126.335,126.41,126.31,126.405,2440,2024-04-08 15:53:00-04:00
126.4,126.53,126.37,126.5,3593,2024-04-08 15:54:00-04:00
126.49,126.54,126.43,126.44,3805,2024-04-08 15:55:00-04:00
126.45,126.51,126.41,126.48,6818,2024-04-08 15:56:00-04:00
126.48,126.53,126.42,126.44,8455,2024-04-08 15:57:00-04:00
126.44,126.52,126.42,126.5,12212,2024-04-08 15:58:00-04:00
126.51,126.77,126.51,126.72,26887,2024-04-08 15:59:00-04:00
126.71,126.71,126.71,126.71,118717,2024-04-08 16:00:00-04:00
127.25,127.54,127.23,127.25,5906,2024-04-09 09:30:00-04:00
127.5043,127.5043,127.5,127.5,494,2024-04-09 09:31:00-04:00
127.5,128.01,127.5,127.8,1000,2024-04-09 09:32:00-04:00
127.75,127.75,127.75,127.75,200,2024-04-09 09:34:00-04:00
128.05,128.05,128.05,128.05,100,2024-04-09 09:38:00-04:00
128.45,128.45,128.155,128.155,400,2024-04-09 09:40:00-04:00
128.335,128.335,128.315,128.315,300,2024-04-09 09:41:00-04:00
128.285,128.29,128.1,128.29,1020,2024-04-09 09:42:00-04:00
128.01,128.01,128.01,128.01,100,2024-04-09 09:44:00-04:00
128.095,128.11,127.99,128.105,1600,2024-04-09 09:46:00-04:00
128.17,128.2,127.98,127.98,800,2024-04-09 09:47:00-04:00
128.185,128.185,128.185,128.185,100,2024-04-09 09:48:00-04:00
128.2,128.28,128.06,128.25,2391,2024-04-09 09:49:00-04:00
128.2,128.2,128.08,128.08,200,2024-04-09 09:50:00-04:00
128.13,128.15,127.81,127.845,1400,2024-04-09 09:51:00-04:00
127.795,127.795,127.59,127.59,200,2024-04-09 09:52:00-04:00
127.48,127.505,127.48,127.505,300,2024-04-09 09:53:00-04:00
127.5,127.5,127.5,127.5,150,2024-04-09 09:54:00-04:00
127.62,127.645,127.62,127.645,485,2024-04-09 09:56:00-04:00
127.7,127.71,127.64,127.71,500,2024-04-09 09:57:00-04:00
127.795,127.795,127.795,127.795,100,2024-04-09 09:58:00-04:00
127.78,127.78,127.5,127.5,1100,2024-04-09 09:59:00-04:00
127.595,127.595,127.595,127.595,100,2024-04-09 10:00:00-04:00
127.71,127.745,127.71,127.745,200,2024-04-09 10:01:00-04:00
127.735,127.735,127.735,127.735,114,2024-04-09 10:02:00-04:00
127.7,127.955,127.7,127.95,1484,2024-04-09 10:03:00-04:00
127.88,127.95,127.84,127.84,1000,2024-04-09 10:04:00-04:00
127.83,127.83,127.83,127.83,100,2024-04-09 10:05:00-04:00
127.95,128.05,127.95,128.05,1272,2024-04-09 10:06:00-04:00
128.0275,128.07,128.025,128.045,1684,2024-04-09 10:07:00-04:00
128.045,128.1,127.97,128.05,2594,2024-04-09 10:08:00-04:00
128.0501,128.28,128.0501,128.2,5757,2024-04-09 10:09:00-04:00
128.1007,128.1825,128.1007,128.1825,200,2024-04-09 10:10:00-04:00
128.19,128.22,128.19,128.22,480,2024-04-09 10:11:00-04:00
128.21,128.365,128.21,128.34,516,2024-04-09 10:12:00-04:00
128.48,128.48,128.48,128.48,100,2024-04-09 10:13:00-04:00
128.42,128.475,128.36,128.36,5506,2024-04-09 10:14:00-04:00
128.4,128.465,128.4,128.465,200,2024-04-09 10:15:00-04:00
128.49,128.65,128.47,128.47,2088,2024-04-09 10:16:00-04:00
128.565,128.565,128.565,128.565,100,2024-04-09 10:17:00-04:00
128.48,128.48,128.48,128.48,700,2024-04-09 10:18:00-04:00
128.53,128.655,128.53,128.655,400,2024-04-09 10:19:00-04:00
128.625,128.625,128.625,128.625,100,2024-04-09 10:20:00-04:00
128.71,128.71,128.66,128.66,503,2024-04-09 10:21:00-04:00
128.76,128.76,128.72,128.72,200,2024-04-09 10:22:00-04:00
128.79,128.7969,128.79,128.7969,200,2024-04-09 10:23:00-04:00
128.79,128.92,128.78,128.89,1000,2024-04-09 10:24:00-04:00
129.0,129.0,129.0,129.0,238,2024-04-09 10:25:00-04:00
129.05,129.05,129.0,129.01,901,2024-04-09 10:26:00-04:00
128.93,128.94,128.93,128.94,251,2024-04-09 10:27:00-04:00
128.73,128.76,128.73,128.76,507,2024-04-09 10:28:00-04:00
128.765,128.765,128.7575,128.7575,200,2024-04-09 10:29:00-04:00
128.72,128.735,128.57,128.64,1240,2024-04-09 10:30:00-04:00
128.53,128.53,128.49,128.49,200,2024-04-09 10:31:00-04:00
128.515,128.515,128.515,128.515,100,2024-04-09 10:32:00-04:00
128.66,128.67,128.6,128.64,5764,2024-04-09 10:33:00-04:00
128.63,128.63,128.62,128.62,300,2024-04-09 10:34:00-04:00
128.495,128.495,128.485,128.485,300,2024-04-09 10:35:00-04:00
128.55,128.56,128.41,128.45,707,2024-04-09 10:36:00-04:00
128.375,128.43,128.345,128.43,600,2024-04-09 10:37:00-04:00
128.4,128.4,128.4,128.4,100,2024-04-09 10:38:00-04:00
128.34,128.395,128.33,128.395,500,2024-04-09 10:39:00-04:00
128.39,128.39,128.38,128.38,200,2024-04-09 10:40:00-04:00
128.4315,128.4315,128.4315,128.4315,247,2024-04-09 10:42:00-04:00
128.3425,128.355,128.22,128.22,702,2024-04-09 10:43:00-04:00
128.23,128.23,128.23,128.23,100,2024-04-09 10:44:00-04:00
128.2225,128.2225,128.2225,128.2225,187,2024-04-09 10:45:00-04:00
128.105,128.13,128.095,128.095,500,2024-04-09 10:46:00-04:00
128.01,128.01,127.945,128.01,419,2024-04-09 10:47:00-04:00
127.95,127.95,127.95,127.95,1000,2024-04-09 10:48:00-04:00
127.97,127.97,127.93,127.93,200,2024-04-09 10:50:00-04:00
128.01,128.12,128.01,128.11,1599,2024-04-09 10:51:00-04:00
128.0,128.0,127.95,127.95,400,2024-04-09 10:52:00-04:00
127.88,127.99,127.88,127.955,300,2024-04-09 10:55:00-04:00
127.9231,127.9231,127.9231,127.9231,400,2024-04-09 10:56:00-04:00
127.98,127.98,127.98,127.98,100,2024-04-09 10:58:00-04:00
127.99,127.99,127.99,127.99,278,2024-04-09 10:59:00-04:00
127.945,127.9575,127.945,127.9575,200,2024-04-09 11:00:00-04:00
127.95,127.95,127.87,127.87,801,2024-04-09 11:01:00-04:00
127.89,127.89,127.89,127.89,100,2024-04-09 11:02:00-04:00
127.87,127.87,127.87,127.87,100,2024-04-09 11:03:00-04:00
127.7065,127.7065,127.7065,127.7065,100,2024-04-09 11:04:00-04:00
127.795,127.98,127.795,127.98,1800,2024-04-09 11:07:00-04:00
127.975,127.975,127.975,127.975,100,2024-04-09 11:08:00-04:00
127.935,127.935,127.935,127.935,161,2024-04-09 11:09:00-04:00
128.01,128.06,128.0,128.06,890,2024-04-09 11:10:00-04:00
128.035,128.035,128.035,128.035,200,2024-04-09 11:11:00-04:00
128.06,128.11,128.06,128.1,402,2024-04-09 11:13:00-04:00
128.12,128.12,128.12,128.12,100,2024-04-09 11:14:00-04:00
128.3,128.32,128.26,128.32,1400,2024-04-09 11:15:00-04:00
128.23,128.42,128.23,128.42,1102,2024-04-09 11:16:00-04:00
128.44,128.47,128.44,128.47,500,2024-04-09 11:17:00-04:00
128.3892,128.435,128.3892,128.435,240,2024-04-09 11:18:00-04:00
128.485,128.485,128.485,128.485,100,2024-04-09 11:20:00-04:00
128.45,128.55,128.41,128.55,3032,2024-04-09 11:21:00-04:00
128.55,128.63,128.55,128.63,800,2024-04-09 11:22:00-04:00
128.645,128.695,128.645,128.66,2000,2024-04-09 11:23:00-04:00
128.7,128.71,128.58,128.585,3426,2024-04-09 11:24:00-04:00
128.585,128.615,128.585,128.59,428,2024-04-09 11:25:00-04:00
128.67,128.7,128.65,128.7,400,2024-04-09 11:26:00-04:00
128.61,128.635,128.61,128.635,500,2024-04-09 11:27:00-04:00
128.6299,128.6299,128.53,128.53,200,2024-04-09 11:28:00-04:00
128.57,128.57,128.57,128.57,300,2024-04-09 11:30:00-04:00
128.63,128.63,128.63,128.63,100,2024-04-09 11:31:00-04:00
128.575,128.575,128.575,128.575,200,2024-04-09 11:32:00-04:00
128.565,128.625,128.565,128.625,300,2024-04-09 11:34:00-04:00
128.625,128.625,128.56,128.605,1568,2024-04-09 11:35:00-04:00
128.615,128.73,128.615,128.73,300,2024-04-09 11:36:00-04:00
128.745,128.81,128.71,128.81,2962,2024-04-09 11:37:00-04:00
128.755,128.89,128.71,128.8,12779,2024-04-09 11:38:00-04:00
128.75,128.785,128.71,128.785,1206,2024-04-09 11:39:00-04:00
128.82,128.82,128.82,128.82,200,2024-04-09 11:40:00-04:00
128.8,128.8,128.75,128.8,600,2024-04-09 11:41:00-04:00
128.77,128.9,128.77,128.86,925,2024-04-09 11:42:00-04:00
128.86,128.86,128.72,128.74,1025,2024-04-09 11:43:00-04:00
128.84,128.92,128.84,128.905,800,2024-04-09 11:44:00-04:00
128.9,128.9,128.89,128.89,500,2024-04-09 11:45:00-04:00
128.935,129.0,128.935,129.0,200,2024-04-09 11:46:00-04:00
128.92,129.13,128.92,129.08,2347,2024-04-09 11:47:00-04:00
129.06,129.085,129.06,129.085,200,2024-04-09 11:48:00-04:00
129.1,129.13,129.1,129.105,300,2024-04-09 11:49:00-04:00
129.1,129.1,129.01,129.065,1100,2024-04-09 11:50:00-04:00
129.11,129.11,129.11,129.11,100,2024-04-09 11:52:00-04:00
129.1,129.1,129.1,129.1,200,2024-04-09 11:53:00-04:00
129.15,129.2,129.1001,129.2,402,2024-04-09 11:54:00-04:00
129.21,129.21,129.12,129.12,741,2024-04-09 11:55:00-04:00
129.085,129.14,129.085,129.11,1892,2024-04-09 11:56:00-04:00
129.18,129.18,129.18,129.18,100,2024-04-09 11:57:00-04:00
129.13,129.13,129.13,129.13,1030,2024-04-09 11:59:00-04:00
129.13,129.19,129.08,129.19,1700,2024-04-09 12:00:00-04:00
129.175,129.175,129.0,129.04,1513,2024-04-09 12:01:00-04:00
129.045,129.045,129.045,129.045,100,2024-04-09 12:02:00-04:00
129.16,129.16,129.16,129.16,100,2024-04-09 12:03:00-04:00
129.155,129.155,129.155,129.155,109,2024-04-09 12:04:00-04:00
129.16,129.16,129.09,129.145,722,2024-04-09 12:05:00-04:00
129.08,129.17,129.08,129.17,1180,2024-04-09 12:06:00-04:00
129.12,129.12,129.025,129.025,800,2024-04-09 12:07:00-04:00
129.015,129.0816,129.015,129.0816,250,2024-04-09 12:08:00-04:00
129.1,129.1,129.1,129.1,100,2024-04-09 12:10:00-04:00
129.145,129.145,129.1,129.115,400,2024-04-09 12:11:00-04:00
129.13,129.13,128.94,128.94,2900,2024-04-09 12:12:00-04:00
129.0,129.005,129.0,129.005,1000,2024-04-09 12:13:00-04:00
128.94,128.94,128.915,128.915,300,2024-04-09 12:14:00-04:00
128.96,128.96,128.945,128.945,400,2024-04-09 12:15:00-04:00
128.96,128.96,128.92,128.96,700,2024-04-09 12:16:00-04:00
128.955,128.96,128.955,128.96,400,2024-04-09 12:17:00-04:00
128.935,128.935,128.935,128.935,100,2024-04-09 12:19:00-04:00
128.9,128.955,128.9,128.955,583,2024-04-09 12:20:00-04:00
128.94,128.94,128.94,128.94,100,2024-04-09 12:21:00-04:00
128.94,128.99,128.94,128.99,317,2024-04-09 12:22:00-04:00
128.92,128.955,128.85,128.915,800,2024-04-09 12:23:00-04:00
128.99,129.03,128.99,129.0,1770,2024-04-09 12:24:00-04:00
128.96,129.0,128.96,129.0,213,2024-04-09 12:25:00-04:00
128.98,128.98,128.98,128.98,100,2024-04-09 12:26:00-04:00
128.98,128.98,128.98,128.98,400,2024-04-09 12:27:00-04:00
129.0,129.015,128.995,128.995,707,2024-04-09 12:28:00-04:00
128.995,129.0,128.96,129.0,2100,2024-04-09 12:29:00-04:00
128.97,128.97,128.97,128.97,100,2024-04-09 12:31:00-04:00
129.0,129.03,128.9548,129.0,1700,2024-04-09 12:33:00-04:00
129.0,129.005,129.0,129.005,742,2024-04-09 12:34:00-04:00
128.98,128.98,128.92,128.92,203,2024-04-09 12:35:00-04:00
128.92,128.92,128.92,128.92,100,2024-04-09 12:37:00-04:00
128.85,128.86,128.73,128.73,390,2024-04-09 12:38:00-04:00
128.77,128.77,128.77,128.77,100,2024-04-09 12:39:00-04:00
128.7535,128.7535,128.7535,128.7535,100,2024-04-09 12:40:00-04:00
128.82,128.82,128.77,128.77,500,2024-04-09 12:41:00-04:00
128.84,128.84,128.84,128.84,1000,2024-04-09 12:42:00-04:00
128.864,128.864,128.864,128.864,100,2024-04-09 12:43:00-04:00
128.77,128.77,128.77,128.77,100,2024-04-09 12:45:00-04:00
128.79,128.8,128.79,128.8,200,2024-04-09 12:46:00-04:00
128.88,128.88,128.88,128.88,201,2024-04-09 12:47:00-04:00
128.91,128.95,128.905,128.95,400,2024-04-09 12:48:00-04:00
128.91,128.91,128.91,128.91,301,2024-04-09 12:49:00-04:00
128.8751,128.8751,128.8751,128.8751,775,2024-04-09 12:50:00-04:00
128.86,128.86,128.86,128.86,332,2024-04-09 12:51:00-04:00
128.77,128.77,128.76,128.76,200,2024-04-09 12:53:00-04:00
128.71,128.71,128.638,128.638,351,2024-04-09 12:54:00-04:00
128.74,128.76,128.74,128.76,300,2024-04-09 12:55:00-04:00
128.72,128.72,128.72,128.72,100,2024-04-09 12:57:00-04:00
128.67,128.69,128.67,128.69,200,2024-04-09 12:58:00-04:00
128.63,128.63,128.62,128.62,200,2024-04-09 12:59:00-04:00
128.595,128.595,128.595,128.595,100,2024-04-09 13:00:00-04:00
128.59,128.64,128.59,128.64,200,2024-04-09 13:01:00-04:00
128.6,128.7,128.595,128.7,604,2024-04-09 13:02:00-04:00
128.76,128.77,128.73,128.73,503,2024-04-09 13:04:00-04:00
128.75,128.75,128.75,128.75,100,2024-04-09 13:05:00-04:00
128.745,128.79,128.74,128.765,800,2024-04-09 13:06:00-04:00
128.73,128.74,128.67,128.705,500,2024-04-09 13:07:00-04:00
128.73,128.73,128.71,128.71,200,2024-04-09 13:10:00-04:00
128.73,128.75,128.73,128.75,500,2024-04-09 13:11:00-04:00
128.755,128.76,128.75,128.75,824,2024-04-09 13:12:00-04:00
128.79,128.79,128.79,128.79,1000,2024-04-09 13:13:00-04:00
128.805,128.805,128.77,128.77,702,2024-04-09 13:14:00-04:00
128.75,128.7625,128.75,128.7625,600,2024-04-09 13:16:00-04:00
128.75,128.83,128.75,128.83,1024,2024-04-09 13:17:00-04:00
128.83,128.84,128.83,128.84,400,2024-04-09 13:18:00-04:00
128.83,128.83,128.81,128.825,300,2024-04-09 13:19:00-04:00
128.84,128.87,128.84,128.87,406,2024-04-09 13:21:00-04:00
128.915,128.915,128.915,128.915,100,2024-04-09 13:22:00-04:00
128.975,128.98,128.92,128.92,1590,2024-04-09 13:24:00-04:00
128.93,128.93,128.93,128.93,100,2024-04-09 13:25:00-04:00
128.89,128.89,128.85,128.85,299,2024-04-09 13:27:00-04:00
128.89,128.89,128.85,128.855,700,2024-04-09 13:30:00-04:00
128.91,128.93,128.91,128.915,300,2024-04-09 13:32:00-04:00
128.84,128.84,128.84,128.84,100,2024-04-09 13:34:00-04:00
128.85,128.89,128.85,128.89,201,2024-04-09 13:35:00-04:00
128.815,128.815,128.815,128.815,100,2024-04-09 13:36:00-04:00
128.77,128.8,128.75,128.79,2500,2024-04-09 13:37:00-04:00
128.78,128.78,128.76,128.76,300,2024-04-09 13:38:00-04:00
128.765,128.82,128.74,128.82,906,2024-04-09 13:39:00-04:00
128.82,128.82,128.8,128.8,840,2024-04-09 13:41:00-04:00
128.75,128.75,128.75,128.75,100,2024-04-09 13:42:00-04:00
128.75,128.79,128.74,128.79,1018,2024-04-09 13:43:00-04:00
128.77,128.77,128.77,128.77,500,2024-04-09 13:44:00-04:00
128.8,128.83,128.8,128.83,508,2024-04-09 13:45:00-04:00
128.84,128.87,128.84,128.86,1041,2024-04-09 13:46:00-04:00
128.86,128.86,128.86,128.86,100,2024-04-09 13:47:00-04:00
128.86,128.9,128.86,128.9,700,2024-04-09 13:48:00-04:00
128.94,128.97,128.94,128.97,200,2024-04-09 13:50:00-04:00
128.945,128.98,128.94,128.965,802,2024-04-09 13:51:00-04:00
128.92,128.92,128.92,128.92,200,2024-04-09 13:52:00-04:00
128.92,129.0,128.92,128.95,2713,2024-04-09 13:55:00-04:00
128.98,128.98,128.98,128.98,1000,2024-04-09 13:57:00-04:00
128.94,128.94,128.94,128.94,100,2024-04-09 13:58:00-04:00
128.92,128.92,128.92,128.92,202,2024-04-09 13:59:00-04:00
128.86,128.9,128.83,128.89,2312,2024-04-09 14:00:00-04:00
128.81,128.9,128.81,128.825,1615,2024-04-09 14:02:00-04:00
128.85,128.875,128.85,128.86,1010,2024-04-09 14:03:00-04:00
128.81,128.81,128.81,128.81,100,2024-04-09 14:04:00-04:00
128.84,128.87,128.84,128.87,400,2024-04-09 14:05:00-04:00
128.875,128.875,128.85,128.86,300,2024-04-09 14:06:00-04:00
128.855,128.86,128.835,128.835,400,2024-04-09 14:07:00-04:00
128.83,128.84,128.79,128.82,1216,2024-04-09 14:08:00-04:00
128.85,128.85,128.85,128.85,310,2024-04-09 14:09:00-04:00
128.87,128.87,128.87,128.87,100,2024-04-09 14:10:00-04:00
128.8459,128.8459,128.8459,128.8459,200,2024-04-09 14:11:00-04:00
128.87,128.87,128.87,128.87,100,2024-04-09 14:12:00-04:00
128.85,128.87,128.85,128.87,500,2024-04-09 14:14:00-04:00
128.8761,128.9,128.8761,128.9,741,2024-04-09 14:15:00-04:00
128.875,128.875,128.875,128.875,200,2024-04-09 14:16:00-04:00
128.9,128.94,128.9,128.94,1148,2024-04-09 14:17:00-04:00
128.94,129.0,128.94,128.985,2334,2024-04-09 14:18:00-04:00
128.97,129.0,128.96,128.99,12257,2024-04-09 14:19:00-04:00
129.0,129.07,129.0,129.07,4531,2024-04-09 14:20:00-04:00
129.06,129.06,129.06,129.06,350,2024-04-09 14:21:00-04:00
129.11,129.14,129.08,129.08,865,2024-04-09 14:24:00-04:00
129.17,129.2399,129.15,129.19,562,2024-04-09 14:25:00-04:00
129.21,129.21,129.19,129.19,419,2024-04-09 14:26:00-04:00
129.17,129.17,129.17,129.17,100,2024-04-09 14:27:00-04:00
129.25,129.25,129.19,129.19,400,2024-04-09 14:28:00-04:00
129.21,129.21,129.21,129.21,226,2024-04-09 14:29:00-04:00
129.18,129.2,129.18,129.2,500,2024-04-09 14:30:00-04:00
129.205,129.23,129.205,129.23,400,2024-04-09 14:32:00-04:00
129.23,129.23,129.21,129.23,601,2024-04-09 14:33:00-04:00
129.25,129.26,129.24,129.24,904,2024-04-09 14:35:00-04:00
129.225,129.225,129.19,129.19,804,2024-04-09 14:36:00-04:00
129.1,129.15,129.1,129.15,401,2024-04-09 14:37:00-04:00
129.13,129.15,129.13,129.15,200,2024-04-09 14:39:00-04:00
129.18,129.21,129.18,129.21,200,2024-04-09 14:40:00-04:00
129.2,129.25,129.2,129.25,400,2024-04-09 14:41:00-04:00
129.23,129.23,129.23,129.23,302,2024-04-09 14:42:00-04:00
129.25,129.315,129.24,129.315,3518,2024-04-09 14:43:00-04:00
129.295,129.295,129.2775,129.2775,2191,2024-04-09 14:44:00-04:00
129.27,129.27,129.27,129.27,100,2024-04-09 14:45:00-04:00
129.245,129.245,129.14,129.14,2302,2024-04-09 14:46:00-04:00
129.05,129.085,129.05,129.06,600,2024-04-09 14:47:00-04:00
129.07,129.09,129.05,129.05,800,2024-04-09 14:48:00-04:00
129.05,129.06,129.0,129.0,2471,2024-04-09 14:49:00-04:00
129.0,129.02,128.99,129.0,700,2024-04-09 14:50:00-04:00
128.99,129.0,128.9424,128.965,2645,2024-04-09 14:51:00-04:00
128.98,129.013,128.98,129.013,200,2024-04-09 14:52:00-04:00
128.96,129.03,128.96,129.03,626,2024-04-09 14:53:00-04:00
128.95,128.95,128.94,128.94,200,2024-04-09 14:54:00-04:00
128.99,128.99,128.94,128.94,804,2024-04-09 14:55:00-04:00
128.93,128.94,128.9,128.9,847,2024-04-09 14:56:00-04:00
128.89,128.89,128.89,128.89,200,2024-04-09 14:57:00-04:00
128.9,129.01,128.9,129.01,735,2024-04-09 14:58:00-04:00
129.0,129.0,129.0,129.0,100,2024-04-09 14:59:00-04:00
128.97,128.98,128.97,128.98,984,2024-04-09 15:00:00-04:00
128.97,128.97,128.97,128.97,201,2024-04-09 15:01:00-04:00
128.95,128.97,128.94,128.965,1558,2024-04-09 15:02:00-04:00
128.95,129.12,128.95,129.115,1306,2024-04-09 15:03:00-04:00
129.11,129.16,129.11,129.14,1100,2024-04-09 15:04:00-04:00
129.11,129.275,129.11,129.275,2309,2024-04-09 15:05:00-04:00
129.3,129.34,129.23,129.23,2670,2024-04-09 15:06:00-04:00
129.21,129.21,129.05,129.05,594,2024-04-09 15:08:00-04:00
128.95,128.98,128.945,128.98,1530,2024-04-09 15:09:00-04:00
128.9,128.95,128.9,128.95,2104,2024-04-09 15:10:00-04:00
128.9,128.92,128.88,128.88,1002,2024-04-09 15:11:00-04:00
128.96,129.0325,128.96,129.0325,472,2024-04-09 15:13:00-04:00
129.05,129.07,129.02,129.02,507,2024-04-09 15:14:00-04:00
129.03,129.045,129.015,129.045,772,2024-04-09 15:15:00-04:00
129.07,129.07,129.07,129.07,100,2024-04-09 15:16:00-04:00
129.05,129.05,129.05,129.05,100,2024-04-09 15:17:00-04:00
129.18,129.205,129.18,129.205,501,2024-04-09 15:18:00-04:00
129.3,129.3,129.3,129.3,100,2024-04-09 15:19:00-04:00
129.33,129.37,129.33,129.33,521,2024-04-09 15:20:00-04:00
129.32,129.32,129.31,129.31,200,2024-04-09 15:21:00-04:00
129.385,129.42,129.34,129.34,900,2024-04-09 15:22:00-04:00
129.355,129.355,129.355,129.355,100,2024-04-09 15:23:00-04:00
129.39,129.39,129.36,129.36,200,2024-04-09 15:24:00-04:00
129.38,129.48,129.37,129.37,3239,2024-04-09 15:25:00-04:00
129.39,129.5,129.37,129.48,5280,2024-04-09 15:26:00-04:00
129.48,129.535,129.47,129.51,1733,2024-04-09 15:27:00-04:00
129.55,129.56,129.55,129.56,278,2024-04-09 15:28:00-04:00
129.57,129.64,129.57,129.64,711,2024-04-09 15:29:00-04:00
129.7,129.71,129.7,129.71,1545,2024-04-09 15:30:00-04:00
129.69,129.8099,129.69,129.8099,1715,2024-04-09 15:31:00-04:00
129.73,129.73,129.69,129.69,612,2024-04-09 15:32:00-04:00
129.66,129.68,129.66,129.68,302,2024-04-09 15:33:00-04:00
129.6,129.6,129.6,129.6,100,2024-04-09 15:34:00-04:00
129.625,129.625,129.625,129.625,100,2024-04-09 15:35:00-04:00
129.52,129.54,129.4902,129.51,1100,2024-04-09 15:36:00-04:00
129.46,129.46,129.34,129.34,1000,2024-04-09 15:37:00-04:00
129.34,129.35,129.3218,129.33,808,2024-04-09 15:38:00-04:00
129.275,129.29,129.27,129.29,302,2024-04-09 15:39:00-04:00
129.3,129.38,129.3,129.38,600,2024-04-09 15:40:00-04:00
129.37,129.39,129.33,129.33,1326,2024-04-09 15:41:00-04:00
129.325,129.53,129.325,129.47,2245,2024-04-09 15:42:00-04:00
129.5,129.5,129.38,129.38,800,2024-04-09 15:43:00-04:00
129.42,129.49,129.42,129.45,1300,2024-04-09 15:44:00-04:00
129.45,129.47,129.33,129.34,3860,2024-04-09 15:45:00-04:00
129.33,129.33,129.3,129.33,1800,2024-04-09 15:46:00-04:00
129.31,129.37,129.3,129.37,999,2024-04-09 15:47:00-04:00
129.43,129.46,129.29,129.32,2047,2024-04-09 15:48:00-04:00
129.3,129.4,129.29,129.4,1100,2024-04-09 15:49:00-04:00
129.37,129.39,129.275,129.32,3727,2024-04-09 15:50:00-04:00
129.39,129.39,129.31,129.37,1178,2024-04-09 15:51:00-04:00
129.35,129.42,129.34,129.385,3276,2024-04-09 15:52:00-04:00
129.35,129.35,129.32,129.33,1119,2024-04-09 15:53:00-04:00
129.36,129.36,129.32,129.35,7308,2024-04-09 15:54:00-04:00
129.35,129.46,129.35,129.39,6074,2024-04-09 15:55:00-04:00
129.35,129.375,129.33,129.36,4097,2024-04-09 15:56:00-04:00
129.36,129.36,129.28,129.35,4705,2024-04-09 15:57:00-04:00
129.36,129.37,129.31,129.36,6026,2024-04-09 15:58:00-04:00
129.36,129.63,129.36,129.6,21266,2024-04-09 15:59:00-04:00
129.6,129.6,129.6,129.6,92208,2024-04-09 16:00:00-04:00
129.6,129.6,129.6,129.6,650,2024-04-09 16:20:00-04:00
129.33,129.33,129.33,129.33,100,2024-04-09 18:16:00-04:00
126.01,126.01,126.01,126.01,100,2024-04-10 08:42:00-04:00
126.01,126.01,126.0,126.0,200,2024-04-10 08:43:00-04:00
125.5,125.5,125.5,125.5,100,2024-04-10 08:53:00-04:00
125.14,125.14,125.14,125.14,100,2024-04-10 09:09:00-04:00
124.57,124.57,124.04,124.16,8169,2024-04-10 09:30:00-04:00
124.65,124.65,124.65,124.65,300,2024-04-10 09:31:00-04:00
124.31,124.35,124.3,124.35,857,2024-04-10 09:32:00-04:00
124.275,124.66,124.275,124.66,1294,2024-04-10 09:33:00-04:00
124.52,124.52,124.52,124.52,100,2024-04-10 09:34:00-04:00
124.3201,124.71,124.3201,124.71,2003,2024-04-10 09:35:00-04:00
124.32,124.33,124.32,124.33,215,2024-04-10 09:36:00-04:00
123.45,123.88,123.45,123.88,400,2024-04-10 09:38:00-04:00
123.62,123.62,123.62,123.62,100,2024-04-10 09:40:00-04:00
123.585,123.585,123.585,123.585,100,2024-04-10 09:41:00-04:00
123.47,123.47,123.32,123.335,400,2024-04-10 09:42:00-04:00
123.485,123.72,123.485,123.72,1885,2024-04-10 09:43:00-04:00
123.7,123.81,123.7,123.81,300,2024-04-10 09:44:00-04:00
123.77,123.77,123.71,123.71,300,2024-04-10 09:45:00-04:00
123.66,123.73,123.48,123.48,700,2024-04-10 09:46:00-04:00
123.42,123.42,123.23,123.23,500,2024-04-10 09:47:00-04:00
123.12,123.12,122.91,122.91,502,2024-04-10 09:48:00-04:00
122.925,122.925,122.8309,122.8309,300,2024-04-10 09:49:00-04:00
123.01,123.05,122.945,122.97,2400,2024-04-10 09:50:00-04:00
123.005,123.07,122.9,122.9,2000,2024-04-10 09:51:00-04:00
122.8625,122.8625,122.76,122.835,1900,2024-04-10 09:52:00-04:00
122.91,123.17,122.83,123.17,4142,2024-04-10 09:53:00-04:00
123.07,123.19,123.045,123.19,752,2024-04-10 09:54:00-04:00
123.1709,123.31,123.08,123.08,1500,2024-04-10 09:55:00-04:00
123.085,123.0974,122.73,122.73,3937,2024-04-10 09:56:00-04:00
122.865,122.96,122.83,122.92,400,2024-04-10 09:57:00-04:00
122.96,123.08,122.96,123.08,497,2024-04-10 09:58:00-04:00
123.105,123.165,123.09,123.165,700,2024-04-10 09:59:00-04:00
123.15,123.15,123.06,123.11,500,2024-04-10 10:00:00-04:00
123.225,123.35,123.22,123.35,1900,2024-04-10 10:03:00-04:00
123.38,123.45,123.35,123.45,700,2024-04-10 10:04:00-04:00
123.455,123.455,123.43,123.43,200,2024-04-10 10:05:00-04:00
123.39,123.39,123.28,123.325,400,2024-04-10 10:06:00-04:00
123.27,123.5,123.27,123.5,550,2024-04-10 10:07:00-04:00
123.5,123.5,123.5,123.5,200,2024-04-10 10:08:00-04:00
123.51,123.52,123.38,123.52,705,2024-04-10 10:09:00-04:00
123.33,123.36,123.26,123.26,400,2024-04-10 10:10:00-04:00
123.5,123.53,123.5,123.53,300,2024-04-10 10:11:00-04:00
123.5379,123.67,123.5379,123.67,200,2024-04-10 10:12:00-04:00
123.82,123.82,123.68,123.68,598,2024-04-10 10:13:00-04:00
123.7995,123.7995,123.725,123.725,300,2024-04-10 10:14:00-04:00
123.47,123.47,123.47,123.47,100,2024-04-10 10:15:00-04:00
123.585,123.6,123.57,123.57,400,2024-04-10 10:16:00-04:00
123.4,123.5,123.4,123.5,722,2024-04-10 10:17:00-04:00
123.65,123.65,123.65,123.65,100,2024-04-10 10:18:00-04:00
123.66,123.66,123.595,123.595,400,2024-04-10 10:19:00-04:00
123.82,123.82,123.82,123.82,150,2024-04-10 10:20:00-04:00
123.7926,123.86,123.7926,123.86,1222,2024-04-10 10:21:00-04:00
124.16,124.17,124.16,124.17,300,2024-04-10 10:22:00-04:00
124.28,124.28,124.0075,124.0075,4616,2024-04-10 10:23:00-04:00
124.11,124.33,124.1,124.24,1277,2024-04-10 10:24:00-04:00
124.28,124.28,124.28,124.28,100,2024-04-10 10:25:00-04:00
124.275,124.275,124.1044,124.16,1317,2024-04-10 10:26:00-04:00
124.13,124.15,124.07,124.15,600,2024-04-10 10:27:00-04:00
123.96,123.975,123.91,123.975,400,2024-04-10 10:28:00-04:00
123.935,123.98,123.84,123.975,884,2024-04-10 10:30:00-04:00
123.91,123.91,123.81,123.81,500,2024-04-10 10:31:00-04:00
123.79,123.79,123.79,123.79,300,2024-04-10 10:32:00-04:00
123.9201,124.12,123.9201,124.12,830,2024-04-10 10:36:00-04:00
124.21,124.26,124.14,124.26,400,2024-04-10 10:37:00-04:00
124.31,124.5,124.31,124.47,1950,2024-04-10 10:38:00-04:00
124.44,124.47,124.29,124.295,4921,2024-04-10 10:39:00-04:00
124.3,124.31,124.29,124.295,1297,2024-04-10 10:40:00-04:00
124.33,124.36,124.24,124.24,520,2024-04-10 10:41:00-04:00
124.23,124.23,124.185,124.21,400,2024-04-10 10:42:00-04:00
124.17,124.185,124.075,124.075,1900,2024-04-10 10:43:00-04:00
124.06,124.06,123.875,123.875,3337,2024-04-10 10:44:00-04:00
123.87,123.89,123.85,123.85,400,2024-04-10 10:45:00-04:00
123.93,123.93,123.69,123.69,951,2024-04-10 10:46:00-04:00
123.56,123.56,123.56,123.56,200,2024-04-10 10:47:00-04:00
123.52,123.52,123.46,123.46,200,2024-04-10 10:49:00-04:00
123.455,123.455,123.455,123.455,200,2024-04-10 10:50:00-04:00
123.39,123.39,123.39,123.39,234,2024-04-10 10:51:00-04:00
123.41,123.475,123.41,123.475,1334,2024-04-10 10:52:00-04:00
123.46,123.46,123.46,123.46,100,2024-04-10 10:53:00-04:00
123.385,123.4674,123.385,123.4674,2206,2024-04-10 10:56:00-04:00
123.49,123.51,123.14,123.14,6011,2024-04-10 10:57:00-04:00
123.1361,123.1361,123.1361,123.1361,400,2024-04-10 10:58:00-04:00
123.22,123.22,123.2,123.2,200,2024-04-10 10:59:00-04:00
123.165,123.26,123.165,123.205,613,2024-04-10 11:00:00-04:00
123.205,123.205,123.2,123.2,200,2024-04-10 11:01:00-04:00
123.22,123.22,123.165,123.17,500,2024-04-10 11:03:00-04:00
123.15,123.15,123.15,123.15,200,2024-04-10 11:04:00-04:00
123.0895,123.165,123.0895,123.165,1322,2024-04-10 11:05:00-04:00
123.165,123.165,123.165,123.165,100,2024-04-10 11:06:00-04:00
123.24,123.25,123.185,123.185,1300,2024-04-10 11:07:00-04:00
123.18,123.195,123.07,123.07,1785,2024-04-10 11:08:00-04:00
123.12,123.13,123.12,123.13,300,2024-04-10 11:09:00-04:00
123.105,123.105,123.08,123.08,400,2024-04-10 11:10:00-04:00
123.13,123.15,123.08,123.08,400,2024-04-10 11:11:00-04:00
123.16,123.16,123.16,123.16,100,2024-04-10 11:12:00-04:00
123.0888,123.095,123.0888,123.09,450,2024-04-10 11:14:00-04:00
123.09,123.21,123.04,123.21,2623,2024-04-10 11:15:00-04:00
123.25,123.25,123.25,123.25,100,2024-04-10 11:16:00-04:00
123.27,123.279,123.27,123.279,465,2024-04-10 11:17:00-04:00
123.28,123.31,123.25,123.29,1002,2024-04-10 11:18:00-04:00
123.23,123.23,123.19,123.2,600,2024-04-10 11:19:00-04:00
123.25,123.25,123.25,123.25,300,2024-04-10 11:20:00-04:00
123.37,123.38,123.37,123.37,600,2024-04-10 11:21:00-04:00
123.29,123.32,123.29,123.32,500,2024-04-10 11:22:00-04:00
123.4,123.43,123.4,123.43,300,2024-04-10 11:23:00-04:00
123.55,123.55,123.55,123.55,109,2024-04-10 11:24:00-04:00
123.53,123.57,123.53,123.56,1805,2024-04-10 11:25:00-04:00
123.52,123.52,123.5,123.5,407,2024-04-10 11:26:00-04:00
123.47,123.5,123.445,123.45,1780,2024-04-10 11:27:00-04:00
123.47,123.47,123.47,123.47,201,2024-04-10 11:28:00-04:00
123.5003,123.51,123.5,123.51,352,2024-04-10 11:31:00-04:00
123.4805,123.4805,123.465,123.465,913,2024-04-10 11:32:00-04:00
123.4054,123.51,123.4,123.51,2439,2024-04-10 11:33:00-04:00
123.49,123.54,123.49,123.54,500,2024-04-10 11:34:00-04:00
123.4892,123.519,123.4892,123.519,326,2024-04-10 11:35:00-04:00
123.48,123.505,123.48,123.485,563,2024-04-10 11:36:00-04:00
123.43,123.495,123.4,123.4,1063,2024-04-10 11:37:00-04:00
123.3408,123.3408,123.25,123.28,662,2024-04-10 11:38:00-04:00
123.25,123.26,123.19,123.1939,849,2024-04-10 11:39:00-04:00
123.19,123.2,123.15,123.175,1300,2024-04-10 11:40:00-04:00
123.16,123.18,123.105,123.105,8047,2024-04-10 11:41:00-04:00
123.085,123.15,123.085,123.15,800,2024-04-10 11:42:00-04:00
123.09,123.09,123.04,123.09,2934,2024-04-10 11:43:00-04:00
123.09,123.175,123.034,123.175,1118,2024-04-10 11:44:00-04:00
123.21,123.235,123.075,123.075,1123,2024-04-10 11:45:00-04:00
123.08,123.195,123.08,123.195,822,2024-04-10 11:46:00-04:00
123.27,123.295,123.27,123.295,200,2024-04-10 11:47:00-04:00
123.41,123.41,123.355,123.37,300,2024-04-10 11:48:00-04:00
123.42,123.42,123.37,123.37,200,2024-04-10 11:49:00-04:00
123.37,123.42,123.37,123.3825,300,2024-04-10 11:50:00-04:00
123.35,123.35,123.28,123.28,512,2024-04-10 11:51:00-04:00
123.31,123.375,123.31,123.34,1173,2024-04-10 11:52:00-04:00
123.335,123.415,123.335,123.415,500,2024-04-10 11:53:00-04:00
123.49,123.49,123.42,123.42,382,2024-04-10 11:54:00-04:00
123.41,123.41,123.33,123.33,946,2024-04-10 11:55:00-04:00
123.32,123.32,123.28,123.28,308,2024-04-10 11:56:00-04:00
123.31,123.31,123.31,123.31,200,2024-04-10 11:57:00-04:00
123.35,123.36,123.34,123.34,400,2024-04-10 11:59:00-04:00
123.33,123.33,123.25,123.25,895,2024-04-10 12:00:00-04:00
123.23,123.23,123.09,123.135,14543,2024-04-10 12:02:00-04:00
123.0397,123.095,123.0397,123.095,238,2024-04-10 12:03:00-04:00
123.1,123.13,123.04,123.08,2308,2024-04-10 12:04:00-04:00
123.15,123.18,123.15,123.18,300,2024-04-10 12:05:00-04:00
123.14,123.14,123.06,123.067,1372,2024-04-10 12:06:00-04:00
123.067,123.25,123.02,123.25,1400,2024-04-10 12:07:00-04:00
123.36,123.36,123.27,123.27,598,2024-04-10 12:09:00-04:00
123.27,123.27,123.27,123.27,100,2024-04-10 12:10:00-04:00
123.3125,123.3125,123.27,123.3,300,2024-04-10 12:12:00-04:00
123.315,123.315,123.3,123.3,500,2024-04-10 12:13:00-04:00
123.3,123.3,123.29,123.29,300,2024-04-10 12:14:00-04:00
123.37,123.37,123.37,123.37,100,2024-04-10 12:15:00-04:00
123.325,123.325,123.325,123.325,100,2024-04-10 12:16:00-04:00
123.315,123.38,123.315,123.38,500,2024-04-10 12:17:00-04:00
123.41,123.41,123.36,123.375,1100,2024-04-10 12:19:00-04:00
123.41,123.44,123.395,123.395,830,2024-04-10 12:20:00-04:00
123.34,123.445,123.34,123.445,1502,2024-04-10 12:21:00-04:00
123.42,123.46,123.41,123.46,300,2024-04-10 12:22:00-04:00
123.47,123.47,123.47,123.47,100,2024-04-10 12:23:00-04:00
123.475,123.475,123.475,123.475,100,2024-04-10 12:24:00-04:00
123.51,123.51,123.47,123.47,450,2024-04-10 12:25:00-04:00
123.52,123.52,123.47,123.47,450,2024-04-10 12:26:00-04:00
123.5,123.5,123.49,123.5,400,2024-04-10 12:27:00-04:00
123.44,123.445,123.44,123.445,200,2024-04-10 12:28:00-04:00
123.39,123.39,123.28,123.28,1383,2024-04-10 12:30:00-04:00
123.21,123.21,123.21,123.21,100,2024-04-10 12:32:00-04:00
123.21,123.23,123.21,123.23,322,2024-04-10 12:34:00-04:00
123.29,123.29,123.29,123.29,100,2024-04-10 12:35:00-04:00
123.25,123.255,123.25,123.255,200,2024-04-10 12:36:00-04:00
123.2733,123.3202,123.25,123.3202,1570,2024-04-10 12:37:00-04:00
123.33,123.33,123.3025,123.3025,200,2024-04-10 12:38:00-04:00
123.25,123.25,123.25,123.25,200,2024-04-10 12:40:00-04:00
123.23,123.23,123.2,123.21,644,2024-04-10 12:41:00-04:00
123.2,123.2,123.2,123.2,200,2024-04-10 12:42:00-04:00
123.21,123.21,123.21,123.21,1145,2024-04-10 12:43:00-04:00
123.13,123.13,123.08,123.08,300,2024-04-10 12:44:00-04:00
123.02,123.02,123.02,123.02,100,2024-04-10 12:46:00-04:00
122.94,122.97,122.94,122.96,563,2024-04-10 12:47:00-04:00
122.87,122.9,122.87,122.88,700,2024-04-10 12:48:00-04:00
122.88,122.88,122.88,122.88,100,2024-04-10 12:49:00-04:00
122.89,123.03,122.89,122.945,1739,2024-04-10 12:50:00-04:00
122.86,122.87,122.86,122.86,300,2024-04-10 12:51:00-04:00
122.865,122.865,122.865,122.865,100,2024-04-10 12:52:00-04:00
122.88,122.94,122.88,122.94,417,2024-04-10 12:54:00-04:00
122.84,122.84,122.795,122.795,301,2024-04-10 12:56:00-04:00
122.86,122.86,122.86,122.86,100,2024-04-10 12:58:00-04:00
122.97,122.97,122.935,122.935,200,2024-04-10 12:59:00-04:00
123.02,123.02,122.8,122.8,2007,2024-04-10 13:01:00-04:00
122.795,122.795,122.695,122.695,300,2024-04-10 13:02:00-04:00
122.64,122.7,122.64,122.7,500,2024-04-10 13:03:00-04:00
122.31,122.31,122.14,122.14,300,2024-04-10 13:06:00-04:00
122.2845,122.2845,122.185,122.195,422,2024-04-10 13:07:00-04:00
122.13,122.13,122.0,122.0,450,2024-04-10 13:09:00-04:00
121.97,122.04,121.97,122.04,531,2024-04-10 13:11:00-04:00
122.02,122.02,122.02,122.02,100,2024-04-10 13:12:00-04:00
122.115,122.185,122.115,122.185,600,2024-04-10 13:13:00-04:00
122.14,122.14,122.14,122.14,100,2024-04-10 13:14:00-04:00
122.07,122.07,122.07,122.07,100,2024-04-10 13:15:00-04:00
122.09,122.09,122.09,122.09,100,2024-04-10 13:16:00-04:00
122.24,122.32,122.24,122.32,400,2024-04-10 13:17:00-04:00
122.27,122.27,122.19,122.22,400,2024-04-10 13:18:00-04:00
122.39,122.5,122.33,122.5,826,2024-04-10 13:19:00-04:00
122.45,122.45,122.45,122.45,100,2024-04-10 13:20:00-04:00
122.51,122.6,122.51,122.57,503,2024-04-10 13:21:00-04:00
122.68,122.83,122.68,122.83,800,2024-04-10 13:22:00-04:00
122.8675,123.0,122.8675,122.9658,2746,2024-04-10 13:23:00-04:00
123.09,123.09,123.09,123.09,200,2024-04-10 13:24:00-04:00
123.21,123.22,122.95,123.14,2000,2024-04-10 13:25:00-04:00
123.07,123.08,122.8366,122.8366,600,2024-04-10 13:27:00-04:00
122.84,122.84,122.81,122.81,300,2024-04-10 13:28:00-04:00
122.84,122.84,122.73,122.73,200,2024-04-10 13:29:00-04:00
122.55,122.66,122.46,122.46,700,2024-04-10 13:31:00-04:00
122.45,122.495,122.4,122.4,400,2024-04-10 13:32:00-04:00
122.29,122.29,122.24,122.24,200,2024-04-10 13:33:00-04:00
122.28,122.36,122.28,122.35,600,2024-04-10 13:35:00-04:00
122.11,122.11,122.11,122.11,202,2024-04-10 13:36:00-04:00
122.23,122.25,122.08,122.1,400,2024-04-10 13:37:00-04:00
122.095,122.1,122.095,122.1,670,2024-04-10 13:38:00-04:00
122.035,122.035,121.9,121.9,200,2024-04-10 13:40:00-04:00
121.99,122.12,121.99,122.11,308,2024-04-10 13:41:00-04:00
122.12,122.2,122.12,122.2,503,2024-04-10 13:42:00-04:00
122.17,122.3132,122.17,122.3132,500,2024-04-10 13:43:00-04:00
122.14,122.14,122.14,122.14,100,2024-04-10 13:45:00-04:00
122.195,122.195,122.195,122.195,100,2024-04-10 13:46:00-04:00
122.185,122.31,122.185,122.31,800,2024-04-10 13:48:00-04:00
122.315,122.315,122.315,122.315,200,2024-04-10 13:49:00-04:00
122.38,122.38,122.38,122.38,100,2024-04-10 13:50:00-04:00
122.315,122.315,122.315,122.315,100,2024-04-10 13:51:00-04:00
122.315,122.32,122.315,122.32,200,2024-04-10 13:52:00-04:00
122.38,122.46,122.36,122.46,926,2024-04-10 13:53:00-04:00
122.41,122.48,122.41,122.45,600,2024-04-10 13:54:00-04:00
122.46,122.46,122.38,122.435,500,2024-04-10 13:55:00-04:00
122.53,122.75,122.53,122.75,706,2024-04-10 13:56:00-04:00
122.83,122.83,122.73,122.74,700,2024-04-10 13:58:00-04:00
122.69,122.69,122.69,122.69,500,2024-04-10 14:03:00-04:00
122.65,122.755,122.65,122.755,300,2024-04-10 14:04:00-04:00
122.68,122.68,122.68,122.68,200,2024-04-10 14:05:00-04:00
122.65,122.65,122.53,122.53,216,2024-04-10 14:07:00-04:00
122.57,122.57,122.5,122.5,200,2024-04-10 14:08:00-04:00
122.67,122.74,122.67,122.74,868,2024-04-10 14:12:00-04:00
122.73,122.73,122.73,122.73,100,2024-04-10 14:13:00-04:00
122.87,122.87,122.61,122.61,500,2024-04-10 14:14:00-04:00
122.685,122.685,122.685,122.685,100,2024-04-10 14:16:00-04:00
122.665,122.665,122.47,122.49,1100,2024-04-10 14:17:00-04:00
122.42,122.42,122.42,122.42,100,2024-04-10 14:20:00-04:00
122.27,122.29,122.18,122.29,300,2024-04-10 14:22:00-04:00
122.38,122.38,122.38,122.38,150,2024-04-10 14:23:00-04:00
122.11,122.21,122.1,122.21,800,2024-04-10 14:24:00-04:00
122.13,122.13,122.13,122.13,200,2024-04-10 14:25:00-04:00
122.24,122.2686,122.24,122.2686,1417,2024-04-10 14:26:00-04:00
122.31,122.32,122.31,122.32,200,2024-04-10 14:27:00-04:00
122.22,122.22,122.17,122.17,400,2024-04-10 14:28:00-04:00
122.07,122.15,122.07,122.15,400,2024-04-10 14:30:00-04:00
122.15,122.18,122.1,122.18,1285,2024-04-10 14:32:00-04:00
122.09,122.09,122.06,122.06,303,2024-04-10 14:33:00-04:00
122.16,122.16,122.08,122.08,504,2024-04-10 14:34:00-04:00
122.01,122.09,122.01,122.09,3300,2024-04-10 14:36:00-04:00
122.03,122.03,121.9,121.9,900,2024-04-10 14:37:00-04:00
121.95,122.05,121.95,121.97,1091,2024-04-10 14:38:00-04:00
121.95,122.0032,121.95,122.0032,684,2024-04-10 14:39:00-04:00
121.96,121.96,121.96,121.96,200,2024-04-10 14:41:00-04:00
122.08,122.18,122.08,122.18,600,2024-04-10 14:42:00-04:00
122.1945,122.1945,122.1945,122.1945,500,2024-04-10 14:43:00-04:00
122.28,122.28,122.28,122.28,100,2024-04-10 14:44:00-04:00
122.23,122.23,122.19,122.19,578,2024-04-10 14:45:00-04:00
122.17,122.24,122.17,122.24,300,2024-04-10 14:46:00-04:00
122.14,122.14,122.1175,122.1175,200,2024-04-10 14:48:00-04:00
122.19,122.19,122.19,122.19,100,2024-04-10 14:49:00-04:00
122.14,122.24,122.135,122.24,630,2024-04-10 14:50:00-04:00
122.22,122.22,122.2096,122.2096,200,2024-04-10 14:51:00-04:00
122.13,122.13,122.07,122.1,502,2024-04-10 14:52:00-04:00
121.9,121.9,121.89,121.89,360,2024-04-10 14:55:00-04:00
121.77,121.82,121.76,121.76,392,2024-04-10 14:57:00-04:00
121.72,121.74,121.72,121.74,200,2024-04-10 14:58:00-04:00
121.81,121.81,121.735,121.735,303,2024-04-10 14:59:00-04:00
121.76,121.81,121.76,121.81,350,2024-04-10 15:00:00-04:00
121.79,121.84,121.76,121.76,403,2024-04-10 15:01:00-04:00
121.72,121.75,121.72,121.72,600,2024-04-10 15:02:00-04:00
121.77,121.82,121.75,121.75,1944,2024-04-10 15:03:00-04:00
121.86,121.86,121.81,121.81,503,2024-04-10 15:04:00-04:00
121.77,121.77,121.77,121.77,100,2024-04-10 15:05:00-04:00
121.82,121.86,121.8,121.86,1198,2024-04-10 15:06:00-04:00
121.915,122.12,121.915,122.12,300,2024-04-10 15:07:00-04:00
122.12,122.12,122.09,122.11,404,2024-04-10 15:08:00-04:00
122.12,122.12,122.1,122.1,300,2024-04-10 15:09:00-04:00
122.3036,122.3036,122.24,122.26,503,2024-04-10 15:10:00-04:00
122.305,122.415,122.305,122.415,1892,2024-04-10 15:12:00-04:00
122.42,122.59,122.42,122.53,1200,2024-04-10 15:13:00-04:00
122.64,122.81,122.64,122.72,1563,2024-04-10 15:14:00-04:00
122.78,122.78,122.75,122.75,200,2024-04-10 15:15:00-04:00
122.77,122.77,122.69,122.69,500,2024-04-10 15:16:00-04:00
122.65,122.65,122.65,122.65,384,2024-04-10 15:17:00-04:00
122.6625,122.7,122.64,122.69,2022,2024-04-10 15:18:00-04:00
122.76,122.97,122.76,122.97,929,2024-04-10 15:19:00-04:00
122.99,122.99,122.76,122.99,1371,2024-04-10 15:20:00-04:00
122.95,122.95,122.825,122.8325,600,2024-04-10 15:21:00-04:00
122.89,122.98,122.89,122.98,400,2024-04-10 15:24:00-04:00
123.01,123.01,122.97,123.0,1702,2024-04-10 15:25:00-04:00
122.91,122.9799,122.91,122.9799,500,2024-04-10 15:26:00-04:00
122.89,122.9,122.89,122.9,200,2024-04-10 15:27:00-04:00
122.92,122.93,122.92,122.93,500,2024-04-10 15:28:00-04:00
122.925,122.97,122.925,122.93,576,2024-04-10 15:29:00-04:00
122.935,122.935,122.79,122.79,2515,2024-04-10 15:30:00-04:00
122.79,122.79,122.765,122.765,200,2024-04-10 15:31:00-04:00
122.83,122.84,122.71,122.76,3102,2024-04-10 15:32:00-04:00
122.73,122.73,122.55,122.56,900,2024-04-10 15:33:00-04:00
122.58,122.71,122.58,122.67,1816,2024-04-10 15:34:00-04:00
122.68,122.68,122.53,122.53,1500,2024-04-10 15:35:00-04:00
122.54,122.56,122.5035,122.5035,640,2024-04-10 15:36:00-04:00
122.49,122.62,122.46,122.62,3682,2024-04-10 15:37:00-04:00
122.57,122.57,122.46,122.46,600,2024-04-10 15:38:00-04:00
122.415,122.415,122.38,122.38,500,2024-04-10 15:39:00-04:00
122.43,122.48,122.43,122.46,1386,2024-04-10 15:40:00-04:00
122.43,122.51,122.37,122.41,1600,2024-04-10 15:41:00-04:00
122.36,122.41,122.36,122.37,1255,2024-04-10 15:42:00-04:00
122.39,122.61,122.39,122.61,1814,2024-04-10 15:43:00-04:00
122.63,122.71,122.63,122.71,1149,2024-04-10 15:44:00-04:00
122.67,122.72,122.65,122.65,1222,2024-04-10 15:45:00-04:00
122.65,122.79,122.65,122.79,2349,2024-04-10 15:46:00-04:00
122.76,122.8,122.6901,122.6901,2007,2024-04-10 15:47:00-04:00
122.65,122.74,122.64,122.64,1317,2024-04-10 15:48:00-04:00
122.69,122.8,122.69,122.72,1401,2024-04-10 15:49:00-04:00
122.66,122.73,122.58,122.61,2606,2024-04-10 15:50:00-04:00
122.58,122.71,122.58,122.71,2414,2024-04-10 15:51:00-04:00
122.7,122.76,122.65,122.75,1652,2024-04-10 15:52:00-04:00
122.74,122.74,122.63,122.675,6944,2024-04-10 15:53:00-04:00
122.665,122.955,122.665,122.955,3485,2024-04-10 15:54:00-04:00
122.92,122.975,122.86,122.86,2254,2024-04-10 15:55:00-04:00
122.91,122.96,122.89,122.91,3918,2024-04-10 15:56:00-04:00
122.94,122.98,122.92,122.96,5257,2024-04-10 15:57:00-04:00
122.96,122.96,122.83,122.905,12906,2024-04-10 15:58:00-04:00
122.92,123.02,122.73,122.76,22501,2024-04-10 15:59:00-04:00
122.76,122.76,122.76,122.76,118821,2024-04-10 16:00:00-04:00
122.4,122.4,122.4,122.4,100,2024-04-10 16:06:00-04:00
122.4,122.4,122.4,122.4,144,2024-04-11 08:02:00-04:00
123.83,123.83,123.5092,123.785,6067,2024-04-11 09:30:00-04:00
123.92,123.92,123.92,123.92,200,2024-04-11 09:31:00-04:00
124.0,124.0,123.72,123.935,800,2024-04-11 09:32:00-04:00
123.83,123.83,123.83,123.83,100,2024-04-11 09:33:00-04:00
123.95,123.95,123.55,123.55,1125,2024-04-11 09:34:00-04:00
123.14,123.14,123.14,123.14,154,2024-04-11 09:35:00-04:00
122.87,122.87,122.615,122.615,313,2024-04-11 09:36:00-04:00
122.585,122.73,122.585,122.73,327,2024-04-11 09:37:00-04:00
122.74,122.75,122.74,122.75,467,2024-04-11 09:38:00-04:00
122.53,122.53,122.39,122.39,216,2024-04-11 09:39:00-04:00
122.3,122.3,121.88,121.88,300,2024-04-11 09:40:00-04:00
122.045,122.76,122.045,122.76,4880,2024-04-11 09:41:00-04:00
122.73,122.8484,122.66,122.8484,927,2024-04-11 09:43:00-04:00
122.645,123.08,122.645,123.08,1042,2024-04-11 09:45:00-04:00
123.02,123.02,123.02,123.02,190,2024-04-11 09:46:00-04:00
123.17,123.17,122.9,122.9,300,2024-04-11 09:47:00-04:00
122.875,122.94,122.875,122.94,200,2024-04-11 09:48:00-04:00
122.865,122.865,122.78,122.82,517,2024-04-11 09:49:00-04:00
122.725,122.7419,122.56,122.56,1100,2024-04-11 09:50:00-04:00
122.61,122.66,122.555,122.555,615,2024-04-11 09:51:00-04:00
122.62,122.62,122.62,122.62,100,2024-04-11 09:52:00-04:00
122.535,122.74,122.535,122.74,400,2024-04-11 09:54:00-04:00
122.865,123.01,122.83,122.83,730,2024-04-11 09:55:00-04:00
122.755,122.755,122.63,122.63,200,2024-04-11 09:56:00-04:00
122.64,122.64,122.625,122.625,200,2024-04-11 09:57:00-04:00
122.73,122.74,122.73,122.74,200,2024-04-11 09:58:00-04:00
122.71,122.72,122.63,122.71,1012,2024-04-11 09:59:00-04:00
122.79,122.815,122.705,122.705,954,2024-04-11 10:00:00-04:00
122.71,122.77,122.63,122.77,600,2024-04-11 10:01:00-04:00
122.78,122.78,122.78,122.78,100,2024-04-11 10:02:00-04:00
122.85,122.95,122.85,122.935,711,2024-04-11 10:03:00-04:00
123.09,123.09,122.825,122.89,1415,2024-04-11 10:04:00-04:00
123.05,123.05,122.995,122.995,1015,2024-04-11 10:05:00-04:00
123.06,123.145,123.06,123.145,200,2024-04-11 10:06:00-04:00
123.09,123.09,122.88,122.88,691,2024-04-11 10:07:00-04:00
122.865,122.865,122.865,122.865,300,2024-04-11 10:08:00-04:00
122.74,122.9,122.74,122.87,900,2024-04-11 10:09:00-04:00
122.9,122.9,122.9,122.9,100,2024-04-11 10:10:00-04:00
122.81,122.89,122.765,122.89,800,2024-04-11 10:11:00-04:00
122.785,122.785,122.785,122.785,100,2024-04-11 10:12:00-04:00
122.84,122.84,122.84,122.84,100,2024-04-11 10:14:00-04:00
122.91,122.91,122.74,122.79,522,2024-04-11 10:15:00-04:00
122.71,122.71,122.63,122.63,350,2024-04-11 10:16:00-04:00
122.5075,122.5075,122.5075,122.5075,100,2024-04-11 10:17:00-04:00
122.37,122.37,122.37,122.37,200,2024-04-11 10:19:00-04:00
122.36,122.36,122.36,122.36,100,2024-04-11 10:20:00-04:00
122.42,122.42,122.405,122.405,300,2024-04-11 10:21:00-04:00
122.295,122.295,122.295,122.295,100,2024-04-11 10:23:00-04:00
122.43,122.51,122.3966,122.3966,1086,2024-04-11 10:24:00-04:00
122.45,122.49,122.39,122.39,300,2024-04-11 10:25:00-04:00
122.4613,122.48,122.4613,122.48,345,2024-04-11 10:26:00-04:00
122.365,122.365,122.265,122.265,500,2024-04-11 10:27:00-04:00
122.08,122.08,122.08,122.08,100,2024-04-11 10:28:00-04:00
122.075,122.075,121.99,121.99,200,2024-04-11 10:29:00-04:00
121.99,122.15,121.99,122.14,313,2024-04-11 10:30:00-04:00
122.23,122.41,122.23,122.41,674,2024-04-11 10:31:00-04:00
122.43,122.43,122.3,122.3,400,2024-04-11 10:32:00-04:00
122.32,122.41,122.32,122.41,200,2024-04-11 10:33:00-04:00
122.265,122.31,122.265,122.31,300,2024-04-11 10:34:00-04:00
122.28,122.28,122.28,122.28,100,2024-04-11 10:35:00-04:00
122.0,122.045,121.9975,121.9975,300,2024-04-11 10:37:00-04:00
122.05,122.09,122.05,122.09,300,2024-04-11 10:38:00-04:00
122.105,122.24,122.105,122.2,2030,2024-04-11 10:39:00-04:00
122.28,122.4,122.28,122.33,1060,2024-04-11 10:40:00-04:00
122.36,122.36,122.36,122.36,167,2024-04-11 10:41:00-04:00
122.45,122.49,122.33,122.49,1170,2024-04-11 10:43:00-04:00
122.49,122.49,122.4,122.4,229,2024-04-11 10:44:00-04:00
122.56,122.62,122.56,122.62,307,2024-04-11 10:45:00-04:00
122.6,122.63,122.49,122.51,500,2024-04-11 10:46:00-04:00
122.38,122.38,122.38,122.38,100,2024-04-11 10:48:00-04:00
122.48,122.48,122.48,122.48,100,2024-04-11 10:49:00-04:00
122.58,122.585,122.57,122.585,367,2024-04-11 10:50:00-04:00
122.72,122.72,122.72,122.72,100,2024-04-11 10:51:00-04:00
122.54,122.54,122.54,122.54,100,2024-04-11 10:52:00-04:00
122.545,122.545,122.54,122.545,300,2024-04-11 10:53:00-04:00
122.53,122.53,122.47,122.47,300,2024-04-11 10:54:00-04:00
122.43,122.435,122.38,122.38,800,2024-04-11 10:56:00-04:00
122.39,122.39,122.39,122.39,100,2024-04-11 10:57:00-04:00
122.33,122.33,122.33,122.33,200,2024-04-11 11:00:00-04:00
122.26,122.43,122.23,122.41,1000,2024-04-11 11:01:00-04:00
122.43,122.53,122.43,122.53,262,2024-04-11 11:02:00-04:00
122.57,122.57,122.55,122.55,439,2024-04-11 11:03:00-04:00
122.65,122.65,122.64,122.64,600,2024-04-11 11:04:00-04:00
122.55,122.55,122.54,122.54,300,2024-04-11 11:08:00-04:00
122.69,122.69,122.69,122.69,100,2024-04-11 11:11:00-04:00
122.74,122.74,122.63,122.63,1011,2024-04-11 11:12:00-04:00
122.57,122.65,122.57,122.65,404,2024-04-11 11:13:00-04:00
122.66,122.66,122.66,122.66,200,2024-04-11 11:14:00-04:00
122.7,122.7,122.49,122.49,1118,2024-04-11 11:15:00-04:00
122.6,122.69,122.6,122.69,200,2024-04-11 11:16:00-04:00
122.595,122.595,122.595,122.595,100,2024-04-11 11:17:00-04:00
122.55,122.59,122.52,122.52,300,2024-04-11 11:18:00-04:00
122.51,122.67,122.51,122.67,300,2024-04-11 11:19:00-04:00
122.71,122.72,122.71,122.72,217,2024-04-11 11:21:00-04:00
122.73,122.73,122.665,122.73,352,2024-04-11 11:22:00-04:00
122.7248,122.7248,122.7248,122.7248,594,2024-04-11 11:23:00-04:00
122.83,122.83,122.74,122.74,300,2024-04-11 11:24:00-04:00
122.83,122.83,122.79,122.79,301,2024-04-11 11:25:00-04:00
122.85,122.85,122.805,122.805,400,2024-04-11 11:27:00-04:00
122.74,122.85,122.74,122.805,1128,2024-04-11 11:28:00-04:00
122.86,122.86,122.82,122.84,633,2024-04-11 11:29:00-04:00
122.78,122.78,122.76,122.76,664,2024-04-11 11:30:00-04:00
122.82,122.82,122.82,122.82,200,2024-04-11 11:31:00-04:00
122.85,122.938,122.85,122.938,634,2024-04-11 11:32:00-04:00
122.96,122.96,122.96,122.96,100,2024-04-11 11:35:00-04:00
123.06,123.06,123.06,123.06,100,2024-04-11 11:37:00-04:00
123.04,123.04,122.97,122.97,438,2024-04-11 11:38:00-04:00
123.11,123.14,123.05,123.07,1023,2024-04-11 11:39:00-04:00
123.19,123.19,123.19,123.19,100,2024-04-11 11:41:00-04:00
123.175,123.25,123.175,123.25,218,2024-04-11 11:42:00-04:00
123.14,123.25,123.14,123.14,704,2024-04-11 11:44:00-04:00
123.19,123.19,123.19,123.19,100,2024-04-11 11:45:00-04:00
123.23,123.25,123.185,123.25,400,2024-04-11 11:46:00-04:00
123.42,123.42,123.3572,123.3761,408,2024-04-11 11:48:00-04:00
123.47,123.47,123.39,123.39,479,2024-04-11 11:49:00-04:00
123.6,123.6,123.52,123.52,260,2024-04-11 11:51:00-04:00
123.53,123.64,123.53,123.64,484,2024-04-11 11:52:00-04:00
123.64,123.64,123.64,123.64,100,2024-04-11 11:53:00-04:00
123.72,123.72,123.655,123.655,283,2024-04-11 11:54:00-04:00
123.63,123.63,123.61,123.61,391,2024-04-11 11:55:00-04:00
123.67,123.765,123.66,123.74,933,2024-04-11 11:56:00-04:00
123.81,123.81,123.81,123.81,186,2024-04-11 11:58:00-04:00
123.85,123.97,123.85,123.97,312,2024-04-11 11:59:00-04:00
124.015,124.015,123.85,123.85,530,2024-04-11 12:00:00-04:00
124.0,124.0,124.0,124.0,133,2024-04-11 12:01:00-04:00
123.9,123.9,123.9,123.9,300,2024-04-11 12:02:00-04:00
123.88,123.88,123.85,123.85,500,2024-04-11 12:03:00-04:00
123.92,123.92,123.92,123.92,200,2024-04-11 12:04:00-04:00
123.75,123.75,123.656,123.685,500,2024-04-11 12:07:00-04:00
123.67,123.67,123.6,123.6,500,2024-04-11 12:08:00-04:00
123.605,123.605,123.605,123.605,200,2024-04-11 12:13:00-04:00
123.6,123.6,123.6,123.6,100,2024-04-11 12:14:00-04:00
123.53,123.53,123.53,123.53,100,2024-04-11 12:15:00-04:00
123.56,123.56,123.555,123.555,200,2024-04-11 12:16:00-04:00
123.5,123.5,123.495,123.495,400,2024-04-11 12:17:00-04:00
123.51,123.56,123.51,123.55,553,2024-04-11 12:18:00-04:00
123.55,123.55,123.45,123.45,489,2024-04-11 12:19:00-04:00
123.45,123.45,123.45,123.45,100,2024-04-11 12:20:00-04:00
123.54,123.57,123.46,123.57,812,2024-04-11 12:21:00-04:00
123.57,123.61,123.57,123.61,200,2024-04-11 12:22:00-04:00
123.66,123.66,123.66,123.66,100,2024-04-11 12:23:00-04:00
123.66,123.67,123.66,123.67,600,2024-04-11 12:24:00-04:00
123.71,123.71,123.63,123.6433,718,2024-04-11 12:26:00-04:00
123.58,123.58,123.58,123.58,100,2024-04-11 12:27:00-04:00
123.52,123.5398,123.52,123.5398,257,2024-04-11 12:28:00-04:00
123.56,123.56,123.56,123.56,100,2024-04-11 12:29:00-04:00
123.57,123.57,123.53,123.53,200,2024-04-11 12:30:00-04:00
123.52,123.58,123.52,123.58,700,2024-04-11 12:32:00-04:00
123.55,123.55,123.55,123.55,100,2024-04-11 12:33:00-04:00
123.6,123.6,123.6,123.6,200,2024-04-11 12:34:00-04:00
123.535,123.535,123.535,123.535,100,2024-04-11 12:35:00-04:00
123.5505,123.5505,123.5505,123.5505,143,2024-04-11 12:36:00-04:00
123.56,123.56,123.56,123.56,156,2024-04-11 12:38:00-04:00
123.49,123.49,123.48,123.48,200,2024-04-11 12:39:00-04:00
123.53,123.53,123.49,123.49,268,2024-04-11 12:40:00-04:00
123.55,123.6,123.55,123.6,809,2024-04-11 12:41:00-04:00
123.6,123.6,123.565,123.6,1600,2024-04-11 12:42:00-04:00
123.61,123.61,123.61,123.61,121,2024-04-11 12:43:00-04:00
123.58,123.58,123.58,123.58,301,2024-04-11 12:44:00-04:00
123.69,123.715,123.69,123.715,200,2024-04-11 12:50:00-04:00
123.69,123.705,123.65,123.65,300,2024-04-11 12:52:00-04:00
123.69,123.69,123.69,123.69,100,2024-04-11 12:54:00-04:00
123.695,123.695,123.695,123.695,100,2024-04-11 12:56:00-04:00
123.63,123.66,123.61,123.64,1000,2024-04-11 12:57:00-04:00
123.69,123.69,123.645,123.645,400,2024-04-11 12:58:00-04:00
123.72,123.76,123.72,123.76,334,2024-04-11 12:59:00-04:00
123.74,123.79,123.71,123.71,300,2024-04-11 13:00:00-04:00
123.65,123.71,123.63,123.71,500,2024-04-11 13:01:00-04:00
123.76,123.76,123.76,123.76,100,2024-04-11 13:03:00-04:00
123.96,124.01,123.96,124.01,300,2024-04-11 13:04:00-04:00
123.995,123.995,123.995,123.995,100,2024-04-11 13:05:00-04:00
123.96,123.96,123.96,123.96,105,2024-04-11 13:06:00-04:00
124.13,124.13,124.13,124.13,200,2024-04-11 13:07:00-04:00
124.14,124.15,124.1,124.1,400,2024-04-11 13:08:00-04:00
124.0,124.05,124.0,124.05,210,2024-04-11 13:09:00-04:00
124.09,124.09,124.09,124.09,174,2024-04-11 13:10:00-04:00
124.205,124.205,124.12,124.15,300,2024-04-11 13:13:00-04:00
124.15,124.15,124.15,124.15,304,2024-04-11 13:15:00-04:00
124.115,124.115,124.115,124.115,100,2024-04-11 13:16:00-04:00
124.18,124.18,124.18,124.18,100,2024-04-11 13:17:00-04:00
124.28,124.28,124.28,124.28,100,2024-04-11 13:19:00-04:00
124.39,124.39,124.39,124.39,100,2024-04-11 13:20:00-04:00
124.315,124.315,124.315,124.315,100,2024-04-11 13:21:00-04:00
124.33,124.33,124.23,124.23,200,2024-04-11 13:22:00-04:00
124.19,124.19,124.19,124.19,108,2024-04-11 13:24:00-04:00
124.225,124.29,124.225,124.29,415,2024-04-11 13:27:00-04:00
124.24,124.24,124.24,124.24,100,2024-04-11 13:28:00-04:00
124.29,124.29,124.29,124.29,100,2024-04-11 13:29:00-04:00
124.3416,124.3416,124.24,124.24,582,2024-04-11 13:30:00-04:00
124.24,124.3,124.24,124.3,311,2024-04-11 13:33:00-04:00
124.32,124.35,124.32,124.35,378,2024-04-11 13:34:00-04:00
124.33,124.36,124.31,124.36,600,2024-04-11 13:35:00-04:00
124.365,124.43,124.335,124.43,818,2024-04-11 13:36:00-04:00
124.36,124.36,124.36,124.36,100,2024-04-11 13:37:00-04:00
124.31,124.35,124.29,124.3,600,2024-04-11 13:38:00-04:00
124.2001,124.24,124.2001,124.24,225,2024-04-11 13:39:00-04:00
124.27,124.27,124.27,124.27,144,2024-04-11 13:40:00-04:00
124.305,124.39,124.29,124.29,623,2024-04-11 13:43:00-04:00
124.37,124.37,124.2961,124.2961,225,2024-04-11 13:45:00-04:00
124.345,124.345,124.345,124.345,100,2024-04-11 13:46:00-04:00
124.2975,124.35,124.22,124.22,832,2024-04-11 13:47:00-04:00
124.275,124.275,124.275,124.275,150,2024-04-11 13:48:00-04:00
124.32,124.36,124.32,124.32,804,2024-04-11 13:49:00-04:00
124.25,124.25,124.25,124.25,100,2024-04-11 13:52:00-04:00
124.25,124.29,124.25,124.29,200,2024-04-11 13:55:00-04:00
124.31,124.32,124.28,124.28,670,2024-04-11 13:56:00-04:00
124.29,124.29,124.22,124.23,700,2024-04-11 13:57:00-04:00
124.255,124.3,124.255,124.3,700,2024-04-11 14:00:00-04:00
124.33,124.34,124.2947,124.305,1401,2024-04-11 14:01:00-04:00
124.29,124.49,124.29,124.49,1207,2024-04-11 14:02:00-04:00
124.4,124.4,124.37,124.37,644,2024-04-11 14:04:00-04:00
124.45,124.45,124.45,124.45,200,2024-04-11 14:05:00-04:00
124.435,124.5,124.435,124.5,446,2024-04-11 14:06:00-04:00
124.53,124.64,124.53,124.63,600,2024-04-11 14:07:00-04:00
124.69,124.7,124.69,124.69,502,2024-04-11 14:08:00-04:00
124.6,124.6,124.58,124.58,300,2024-04-11 14:09:00-04:00
124.52,124.52,124.52,124.52,100,2024-04-11 14:10:00-04:00
124.35,124.42,124.305,124.305,650,2024-04-11 14:11:00-04:00
124.33,124.34,124.33,124.34,200,2024-04-11 14:12:00-04:00
124.26,124.26,124.26,124.26,100,2024-04-11 14:14:00-04:00
124.205,124.26,124.205,124.26,200,2024-04-11 14:15:00-04:00
124.27,124.29,124.27,124.29,645,2024-04-11 14:16:00-04:00
124.3,124.33,124.3,124.33,513,2024-04-11 14:17:00-04:00
124.24,124.24,124.24,124.24,100,2024-04-11 14:18:00-04:00
124.29,124.29,124.29,124.29,180,2024-04-11 14:19:00-04:00
124.33,124.35,124.33,124.35,200,2024-04-11 14:20:00-04:00
124.22,124.22,124.195,124.195,2298,2024-04-11 14:22:00-04:00
124.225,124.3,124.225,124.28,2183,2024-04-11 14:23:00-04:00
124.35,124.36,124.31,124.36,841,2024-04-11 14:24:00-04:00
124.33,124.35,124.33,124.35,200,2024-04-11 14:27:00-04:00
124.41,124.41,124.32,124.32,500,2024-04-11 14:30:00-04:00
124.38,124.44,124.38,124.43,770,2024-04-11 14:31:00-04:00
124.46,124.51,124.46,124.49,400,2024-04-11 14:32:00-04:00
124.48,124.53,124.48,124.53,224,2024-04-11 14:33:00-04:00
124.53,124.53,124.53,124.53,145,2024-04-11 14:36:00-04:00
124.46,124.46,124.411,124.411,325,2024-04-11 14:37:00-04:00
124.48,124.48,124.48,124.48,300,2024-04-11 14:38:00-04:00
124.52,124.52,124.52,124.52,100,2024-04-11 14:39:00-04:00
124.51,124.51,124.51,124.51,202,2024-04-11 14:40:00-04:00
124.52,124.52,124.52,124.52,103,2024-04-11 14:41:00-04:00
124.54,124.55,124.54,124.54,824,2024-04-11 14:42:00-04:00
124.55,124.56,124.55,124.56,200,2024-04-11 14:43:00-04:00
124.54,124.54,124.495,124.495,422,2024-04-11 14:44:00-04:00
124.51,124.51,124.46,124.46,200,2024-04-11 14:45:00-04:00
124.49,124.49,124.48,124.48,207,2024-04-11 14:46:00-04:00
124.39,124.42,124.33,124.33,908,2024-04-11 14:50:00-04:00
124.21,124.2599,124.11,124.13,1247,2024-04-11 14:53:00-04:00
124.13,124.17,124.13,124.13,600,2024-04-11 14:54:00-04:00
124.16,124.16,124.14,124.14,300,2024-04-11 14:55:00-04:00
124.17,124.21,124.16,124.21,821,2024-04-11 14:56:00-04:00
124.25,124.25,124.25,124.25,200,2024-04-11 14:57:00-04:00
124.28,124.33,124.26,124.31,1009,2024-04-11 14:58:00-04:00
124.31,124.31,124.31,124.31,100,2024-04-11 14:59:00-04:00
124.33,124.33,124.25,124.25,432,2024-04-11 15:00:00-04:00
124.27,124.29,124.27,124.28,894,2024-04-11 15:01:00-04:00
124.24,124.26,124.2287,124.26,450,2024-04-11 15:02:00-04:00
124.23,124.23,124.23,124.23,150,2024-04-11 15:03:00-04:00
124.22,124.26,124.22,124.26,200,2024-04-11 15:04:00-04:00
124.28,124.36,124.28,124.36,602,2024-04-11 15:05:00-04:00
124.3,124.3,124.25,124.25,200,2024-04-11 15:06:00-04:00
124.34,124.36,124.34,124.36,200,2024-04-11 15:07:00-04:00
124.32,124.32,124.21,124.22,1000,2024-04-11 15:08:00-04:00
124.25,124.2599,124.25,124.2599,930,2024-04-11 15:09:00-04:00
124.1799,124.1799,124.08,124.08,215,2024-04-11 15:11:00-04:00
124.03,124.04,124.01,124.04,557,2024-04-11 15:12:00-04:00
123.94,123.94,123.94,123.94,100,2024-04-11 15:13:00-04:00
123.92,123.96,123.87,123.87,5699,2024-04-11 15:14:00-04:00
123.85,123.91,123.85,123.88,773,2024-04-11 15:16:00-04:00
123.85,123.85,123.85,123.85,100,2024-04-11 15:17:00-04:00
123.99,123.99,123.91,123.91,200,2024-04-11 15:18:00-04:00
123.91,123.93,123.91,123.93,300,2024-04-11 15:19:00-04:00
123.99,123.99,123.99,123.99,100,2024-04-11 15:20:00-04:00
124.02,124.02,124.02,124.02,100,2024-04-11 15:21:00-04:00
124.0401,124.1,124.0401,124.1,700,2024-04-11 15:22:00-04:00
124.04,124.05,124.02,124.05,700,2024-04-11 15:23:00-04:00
123.94,123.94,123.94,123.94,145,2024-04-11 15:24:00-04:00
123.96,123.98,123.96,123.97,510,2024-04-11 15:25:00-04:00
123.99,124.02,123.98,123.98,405,2024-04-11 15:26:00-04:00
124.005,124.01,123.92,123.92,769,2024-04-11 15:27:00-04:00
123.94,123.95,123.88,123.88,716,2024-04-11 15:28:00-04:00
123.945,123.98,123.94,123.94,1000,2024-04-11 15:29:00-04:00
123.87,123.89,123.87,123.89,200,2024-04-11 15:30:00-04:00
123.81,123.81,123.81,123.81,100,2024-04-11 15:31:00-04:00
123.84,123.84,123.84,123.84,305,2024-04-11 15:32:00-04:00
123.72,123.72,123.72,123.72,100,2024-04-11 15:33:00-04:00
123.69,123.73,123.66,123.73,1902,2024-04-11 15:34:00-04:00
123.68,123.76,123.68,123.76,402,2024-04-11 15:35:00-04:00
123.75,123.8028,123.75,123.77,728,2024-04-11 15:36:00-04:00
123.72,123.72,123.68,123.68,400,2024-04-11 15:37:00-04:00
123.71,123.71,123.69,123.69,300,2024-04-11 15:38:00-04:00
123.715,123.75,123.715,123.72,300,2024-04-11 15:39:00-04:00
123.79,123.85,123.79,123.85,800,2024-04-11 15:40:00-04:00
123.86,123.93,123.86,123.93,565,2024-04-11 15:41:00-04:00
123.9,123.9,123.9,123.9,100,2024-04-11 15:42:00-04:00
123.9,123.92,123.9,123.92,393,2024-04-11 15:43:00-04:00
123.9,123.9,123.9,123.9,300,2024-04-11 15:44:00-04:00
123.89,123.99,123.89,123.95,819,2024-04-11 15:45:00-04:00
123.92,123.92,123.87,123.88,553,2024-04-11 15:46:00-04:00
123.89,123.9,123.76,123.76,1000,2024-04-11 15:47:00-04:00
123.74,123.85,123.74,123.84,1310,2024-04-11 15:48:00-04:00
123.85,123.85,123.8,123.8,650,2024-04-11 15:49:00-04:00
123.74,123.77,123.67,123.67,900,2024-04-11 15:50:00-04:00
123.56,123.72,123.56,123.71,3056,2024-04-11 15:51:00-04:00
123.74,123.74,123.7,123.7,1056,2024-04-11 15:52:00-04:00
123.71,123.845,123.71,123.83,1556,2024-04-11 15:53:00-04:00
123.85,123.94,123.79,123.92,2672,2024-04-11 15:54:00-04:00
123.91,124.01,123.91,123.935,1950,2024-04-11 15:55:00-04:00
123.92,123.965,123.89,123.89,2318,2024-04-11 15:56:00-04:00
123.88,123.93,123.83,123.86,4362,2024-04-11 15:57:00-04:00
123.86,123.88,123.75,123.79,9023,2024-04-11 15:58:00-04:00
123.78,123.95,123.78,123.87,30929,2024-04-11 15:59:00-04:00
123.9,123.9,123.9,123.9,231650,2024-04-11 16:00:00-04:00
123.7623,123.7623,123.7623,123.7623,676,2024-04-11 16:05:00-04:00
